Test Name,Year,Session,Subject,Number,Question,Question_image,법령,Option 1,Option 2,Option 3,Option 4,Answer
산업안전기사,2003,1,안전관리론,7,다음 중 재해 예방을 위한 시정책의 3E로서 적당하지 않은 것은?,text_only,O,교육,기술,에너지,독려,3
산업안전기사,2003,1,인간공학 및 시스템안전공학,27,고장형태 중 감소형은 어느 고장기간에 나타나는가?,text_only,O,초기고장기간,우발고장기간,마모고장기간,피로고장기간,1
산업안전기사,2003,1,기계위험방지기술,50,프레스의 안전장치 중 클러치별 방호장치 선택기준에 관한 사항으로 옳은 것은?,text_only,O,"양수조작식 방호장치의 경우 120SPM 이상, 포지티브클러치에 적용된다.","광전자식 방호장치의 경우 120SPM 이상, 포지티브클러치에 적용된다.","손쳐내기식 방호장치의 경우는 120SPM 이상, 프릭션클러치에 적용된다.","수인식 방호장치의 경우는 120SPM 이상, 프릭션클러치에 적용된다.",1
산업안전기사,2003,1,전기위험방지기술,66,가연성 가스 및 증기용 내압 방폭형 기계ㆍ기구의 너트는 몇 산 이상 물리도록 해야 하는가?,text_only,O,3산,4산,5산,6산,3
산업안전기사,2003,1,건설안전기술,112,흙막이 및 널말뚝의 제거에 관한 설명으로 옳지 않은 것은?,text_only,O,흙막이나 널말뚝은 본 공사에 지장이 없도록 제거한다.,건축공사에 지장이 없도록 띠장 및 버팀대를 설치한다.,"흙막이널과 축조물과의 자리에는 버팀, 띠장을 떼어낸 후 흙 또는 모래로 잘 되메우기 한다.",흙막이 및 널말뚝을 제거한 다음 구멍은 모래 등으로잘 메운다.,3
산업안전기사,2003,1,건설안전기술,113,다음 중 토석붕괴의 외적 요인이 아닌 것은?,text_only,O,"사면, 법면의 경사 및 구배 증가",공사에 의한 진동 및 반복하중의 증가,토석의 강도저하,"지진, 차량, 구조물의 중량",3
산업안전기사,2003,2,안전관리론,17,다음은 방진마스크를 선택할 때의 일반적인 유의사항에 관한 설명 중 틀린 것은?,text_only,O,중량이 가벼울수록 좋다.,흡기저항이 큰 것일수록 좋다.,안면에의 밀착성이 좋아야 한다.,손질하기가 간편할수록 좋다.,2
산업안전기사,2003,2,인간공학 및 시스템안전공학,32,인간이 신호나 경고등을 지각하는데 영향을 끼치는 인자가 있다. 예를 들어 신호등이 네온사인이나 크리스마스트리 등이 있는 지역에 설치되어 있을 경우 식별이 어려운데 이와 같은 영향을 미치는 인자는 어느 것인가?,text_only,O,광원의 크기,등의 색깔,점멸속도,배경불빛,4
산업안전기사,2003,2,기계위험방지기술,44,마찰 클러치의 특징이 아닌 것은?,text_only,O,충격을 일으킨다.,마찰과 과열을 피할 수 없다.,안전장치의 역할을 한다.,과대한 하중이 걸리면 미끄러져 안전하다.,1
산업안전기사,2003,2,전기위험방지기술,68,인체의 전기저항을 최악의 상태라고 가정하여 500[Ω]으로 잡으면 심실세동을 일으킬 수 있는 에너지는 얼마이겠는가?,text_only,O,6.5∼17.0[J] 정도,2.5∼3.0[J] 정도,250∼300[mJ] 정도,계산할 수 없음,1
산업안전기사,2003,2,건설안전기술,104,건설현장에서 가설계단을 설치할 때의 내용으로 옳은것은 다음 중 어느 것인가?,text_only,O,"가설계단은 1단 높이 30cm, 발판의 폭 35∼40cm를 표준으로 한다.","계단 폭은 옥내 85cm이상, 옥외 75cm이상으로 한다.",계단 경사는 40°∼ 45° 가 적당하다.,난간의 기둥간격은 120∼150cm로 하며 적절한 조명설비를 갖춘다.,4
산업안전기사,2003,3,안전관리론,2,"100년 전 일본 국철에서 실시된 기법인데 현재는 국내 산업 현장에서도 많이 활용되고 있는 것으로서 인간의 실수를 없애기 위하여 눈, 손, 입 그리고 귀를 이용하여 작업착수 전에 대뇌를 자극 시켜 안전 확보를 하기 위한 기법은?",text_only,O,브레인 스토밍,터치 앤드 콜,롤 플레잉,지적 확인,4
산업안전기사,2003,3,인간공학 및 시스템안전공학,33,"조작자와 제어버튼 사이의 거리, 선반의 높이, 조작에 필요한 힘 등을 정할 때 적용되는 인체측정자료 응용원칙은 어느 것인가?",text_only,O,평균치설계,최대치설계,최소치설계,조절식설계,3
산업안전기사,2003,3,전기위험방지기술,65,방폭지역의 구분시 환기가 충분한 장소란 대기 중의 가스?증기의 밀도가 폭발하한계의 몇 % 를 초과하여 축적되는 것을 방지하는데 충분한 환기량이 보장되는 장소를 말하는가?,text_only,O,20%,25%,30%,40%,2
산업안전기사,2003,3,화학설비위험방지기술,95,고압(高壓)의 공기 중에서 장시간 작업하는 경우에 일어나는 잠함병(潛函病)또는 잠수병(潛水病)은 어떤 물질에 의하여 중독현상이 일어나는가?,text_only,O,아황산가스,황화수소,일산화탄소,질소,4
산업안전기사,2003,3,건설안전기술,103,추락방지용 방망의 그물코가 10cm인 신제품 매듭방망사의 인장강도는?,text_only,O,80kgf,110kgf,150kgf,200kgf,4
산업안전기사,2004,1,안전관리론,19,안전교육 성과를 위한 그룹활동의 지도방법 중 미국의 크리가 주장한 소집단 활동으로서 1차 집단은?,text_only,O,직접 대면하는 옆 동료 근로자,안전 학술단체의 회원들,정부 안전 관련자,산업안전 협회 등 단체,1
산업안전기사,2004,1,인간공학 및 시스템안전공학,38,인간-기계 시스템 설계 시 인간공학적 설계의 일반적인 원칙에 해당되지 않는 것은?,text_only,O,인간의 특성을 고려한다.,작업특성에 적합하여야 한다.,시스템을 인간의 예상과 양립시킨다.,"표시장치나 제어장치의 중요성, 사용빈도, 사용순서, 기능에 따라 배치하도록 한다.",2
산업안전기사,2004,1,기계위험방지기술,55,"어떤 봉이 인장력을 받아 세로변형율 ε 은 0.02가 되었다. 이 봉의 세로탄성계수가 $2.1×10^6$kg/cm$^2$라면 가로변형률 ε' 는? (단, 재료의 푸아송 수는 3이다.)",text_only,O,0.0067,0.0047,0.0078,0.002,1
산업안전기사,2004,1,전기위험방지기술,61,교류아크 용접기의 자동전격방지란 용접기의 2차전압을 25V 이하로 자동조절하여 작업자의 전격재해를 방지하는 것이다. 어떤 시점에서 그 기능을 발휘하는가?,text_only,O,아크를 발생시킬 때만,용접 작업 전체시간 동안,용접작업을 진행하고 있는 동안만,용접작업중단 직후부터 다음 아크 발생시까지,4
산업안전기사,2004,1,화학설비위험방지기술,100,폭발압력과 인화성가스의 농도와의 관계에 대해 설명한 것 중 옳은 것은?,text_only,O,인화성가스의 농도가 너무 희박하거나 진하여도 폭발압력은 높아진다.,폭발압력은 양론농도보다 약간 높은 농도에서 최대폭발압력이 된다.,최대폭발압력의 크기는 공기와의 혼합기체에서보다 산소의 농도가 큰 혼합기체에서 더 낮아진다.,인화성가스의 농도와 폭발압력은 반비례 관계이다.,2
산업안전기사,2004,2,안전관리론,11,버드의 재해구성 비율 1:10:30:600 중 10은 무엇을 나타내는가?,text_only,O,중상,"경상(물적, 인적사고)",무상해사고(물적손실),무상해 무사고(위험순간),2
산업안전기사,2004,2,인간공학 및 시스템안전공학,36,실효온도(effective temperature : ET)의 종류에 해당되지 않는 것은?,text_only,O,Oxford지수,습구 글로브온도,Botsball지수,열지수(heat index),4
산업안전기사,2004,2,기계위험방지기술,51,프레스 금형 안에 부품을 손으로 넣고 빼내는 구조이면 부품 송급시 수공구가 활용된다. 이 수공구에 해당되지 않는 것은?,text_only,O,핀셋트류,슈트,플라이어류,자석공구류,2
산업안전기사,2004,2,전기위험방지기술,67,다음 기기 성능 중 부하에서 차단이 가능한 개폐기는?,text_only,O,OLB,PF,DS,LS,1
산업안전기사,2004,2,화학설비위험방지기술,83,다음 중 발화온도(ignition temperature)를 바르게 설명한 것은?,text_only,O,화염이나 불꽃에 의해 발화가 가능한 인화성의 혼합 가스가 형성되는 액체 및 고체의 최저온도,불꽃에 의해 인화성의 혼합가스를 발화시키는데 필요한 최소의 방전에너지,일정한 무게를 낙하시켜 충격에 의해 에너지를 주어 이에 의한 발화성을 알아보는 것,인화성 물질을 공기나 산소 중에서 가열한 경우에 발화 또는 폭발을 일으키기 시작하는 최저온도,4
산업안전기사,2004,3,안전관리론,12,안전교육 평가의 과정을 설명할 것 중 관계가 적은 것은?,text_only,O,확실한 평가 목적이 최우선이다.,평가 장면의 선정은 성취 또는 습득의 증거가 나타난 장면을 선정한다.,평가도구 제작 및 선정은 참고자료로서 기초자료에 해당된다.,"평가를 실시할 때는 시기, 장소, 횟수, 대상, 종류, 방법 등을 고려하여야 한다.",3
산업안전기사,2004,3,인간공학 및 시스템안전공학,39,일정한 고장률을 가진 어떤 기계의 고장률이 0.004/시간일 때 10시간 이내에 고장을 일으킬 확률은?,text_only,O,$1 + e^{0.04}$,$1 - e^{-0.004}$,$1 - e^{0.04}$,$1 - e^{-0.04}$,4
산업안전기사,2004,3,전기위험방지기술,70,감전사고시 전선이나 개폐기 터미널 등의 금속분자가 고열로 용융됨으로서 피부 속으로 녹아 들어가는 것은?,text_only,O,피부의 광성변화,전문,표피박탈,전류반점,1
산업안전기사,2004,3,화학설비위험방지기술,93,"NH$_4$NO$_3$의 가열, 분해로부터 제조되는 무색, 무취의 가스로서 웃음가스로 알려진 가스의 화학식은?",text_only,O,N$_2$O,NO$_2$,N$_2$O$_4$,NO,1
산업안전기사,2005,1,기계위험방지기술,53,컨베이어(conveyer)역전방지 장치 형식이 아닌 것은?,text_only,O,롤러식,라체트식,권과방지장치,전기 브레이크,3
산업안전기사,2005,1,전기위험방지기술,72,다음 중 가수전류에 대한 설명이 옳은 것은?,text_only,O,마이크 사용 중 전격으로 사망에 이른 전류,전격을 일으킨 전류가 교류인지 직류인지 구별할 수 없는 전류,충전부로부터 자력으로 이탈할 수 있는 전류,몸이 물에 젖어 전압이 낮은 데도 전격을 일으킨 전류,3
산업안전기사,2005,1,건설안전기술,115,차량계 건설기계를 사용하는 작업에 있어 작업계획에 포함되어야 하는 사항이 아닌 것은?,text_only,O,차량계 건설기계의 종류 및 성능,차량계 건설기계의 방호장치,차량계 건설기계의 운행경로,차량계 건설기계에 의한 작업방법,2
산업안전기사,2005,2,안전관리론,14,안전교육 계획수립시 고려할 사항이 아닌 것은?,text_only,O,필요한 정보를 수집한다.,현장의 의견을 충분히 반영한다.,정부규정에 의한 교육에 치중한다.,안전교육 시행체계와의 관련을 고려한다.,3
산업안전기사,2005,2,기계위험방지기술,57,기계부품에 작용하는 힘 중에서 안전율을 가장 크게 취하여야 할 힘의 종류는?,text_only,O,반복하중,교번하중,충격하중,정하중,3
산업안전기사,2005,2,전기위험방지기술,61,코로나 방전이 발생하면 공기 중에 무엇이 생성되는가?,text_only,O,O$_2$,O$_3$,N$_2$,N$_3$,2
산업안전기사,2005,2,건설안전기술,115,다음 중 발파공의 충전재료로 부적당한 것은?,text_only,O,점토,모래,비발화성 물질,인화성 물질,4
산업안전기사,2005,3,안전관리론,4,보호구 검정 규정상 방진 마스크의 항목별 성능 기준에서 시야(각도)는?,text_only,O,하방 60도 이상,상방 60도 이상,좌우방 60도 이상,하방 30도 이상,1
산업안전기사,2005,3,인간공학 및 시스템안전공학,27,시스템 안전을 위한 잠재 위험 요소의 검출 방법으로 맞지 않는 것은?,text_only,O,위험 발생시 조치 checklist,방법상의 잠재 위험 제어 checklist,잠재 위험 최소화를 위한 설계 checklist,경보 장치와 방호 장치 checklist,1
산업안전기사,2005,3,전기위험방지기술,74,반도체 취급시에 정전기로 인한 재해방지 대책으로써 옳지 않은 방법은?,text_only,O,송풍형 제전기 설치,반도체의 접지 실시,작업자의 대전방지 작업복 착용,작업대에 정전기 매트 사용,2
산업안전기사,2005,3,건설안전기술,103,공사용 가설 도로에 대한 설명 중 옳지 않은 것은?,text_only,O,도로는 장비 및 차량이 안전하게 운행할 수 있도록 견고하게 설치한다.,부득이한 경우를 제외하는 경우 최고 허용 경사도는 20% 이다.,도로와 작업장의 접해 있을 경우에는 방책 등을 설치한다.,도로는 배수를 위해 경사지게 설치하거나 배수 시설을 해야 한다.,2
산업안전기사,2006,1,인간공학 및 시스템안전공학,37,"회전운동을 하는 조종구와 같은 조종장치의 반경이 10cm이고 30° 만큼 움직였을 때, 선형표시장치의 눈금이 4.84cm 움직였다. 이때의 통제표시비는?",text_only,O,1.256,1.08,0.965,0.833,2
산업안전기사,2006,1,기계위험방지기술,45,보일러의 탱크(tank)가 폭발하였다. 이 파괴 사고와 관련이 없는 파괴형태는?,text_only,O,Brittle fracture,Fatigue fracture,Environmental fracture,Creep,1
산업안전기사,2006,1,전기위험방지기술,71,정전기의 재해방지 대책으로 부적당한 것은?,text_only,O,부도체에는 도전성을 향상 또는 제전기를 설치 운영한다.,반도체 취급 공정작업자는 손목 띠의 저항을 $10^{10}$ Ω이하로 한다.,"접지값은 $10^6$Ω 이하이면 충분하고, 안전을 고려하여 $10^3$ Ω 이하로 유지한다.","생산공정에 별다른 문제가 없다면, 습도를 70(%)정도 유지하는 것도 무방하다",2
산업안전기사,2006,1,화학설비위험방지기술,95,폭발 또는 화재가 발생할 우려가 있는 건조설비의 구조로 가장 적절하지 않은 것은?,text_only,O,위험물 건조설비의 상부는 견고한 구조로 할 것,건조설비의 외면은 불연성 재료로 만들 것,건조설비의 내부는 청소가 쉬운 구조로 할 것,위험물 건조설비의 열원으로서 직화를 사용하지 말 것,1
산업안전기사,2006,2,안전관리론,16,안전교육의 4단계법 순서를 올바르게 나열한 것은?,text_only,O,제시 → 적용 → 준비 → 확인,적용 → 준비 → 확인 → 제시,준비 → 제시 → 적용 → 확인,확인 → 준비 → 제시 → 적용,3
산업안전기사,2006,2,인간공학 및 시스템안전공학,34,"1970년 이후 미국의 W. G. Johnson에 의해 개발된 최신 시스템 안전 프로그램으로서 원자력 산업의 고도 안전달 성을 위해 개발된 분석기법이다. 관리, 설계, 생산, 보전 등 광범위한 안전을 도모하기 위하여 개발된 분석 기법은?",text_only,O,MORT,DT,ETA,FTA,1
산업안전기사,2006,2,기계위험방지기술,60,진동장애의 예방대책과 가장 거리가 먼 것은?,text_only,O,저진동공구를 사용한다.,진동업무를 자동화한다.,방진장갑 등 진동보호구를 착용한다.,실외작업을 한다.,4
산업안전기사,2006,2,전기위험방지기술,79,정전기로 인한 발화의 예방법이 아닌 것은?,text_only,O,정전기의 발생 방지조치,대전 방지 조치,공기 조절조치,공기 이온화 조치,3
산업안전기사,2006,2,화학설비위험방지기술,85,공기 중 최소 발화에너지 값이 가장 적은 물질은?,text_only,O,CH$_2$=CH$_2$,CH$_2$=CHCH$_3$,CH$_4$,C$_2$H$_6$,1
산업안전기사,2006,2,건설안전기술,103,아래의 와이어로프 중 양중기에 사용할 수 있는 것은?,text_only,O,와이어로프의 한 꼬임(스트랜드)에서 끊어진 소선의수가 8%인 것,지름의 감소가 공칭지름의 8%인 것,심하게 부식된 것,이음매가 있는 것,1
산업안전기사,2006,2,건설안전기술,113,높이 2m 이상의 작업발판 끝이나 개구부 부근에서 작업 중 추락재해가 발생하였다면 이를 예방할 수 있는 조치 사 항으로서 적당하지 않는 것은?,text_only,O,방호울이나 안전난간을 설치하여야 한다.,개구부에 덮개를 설치하고 고정하여야 한다.,안전방망을 치거나 안전대를 착용하도록 한다.,승강 설비를 설치하도록 한다.,4
산업안전기사,2006,3,안전관리론,5,불안전한 행동을 예방하기 위하여 수정해야 할 조건들중 시간의 소요가 짧은 것부터 길게 나타내는 순서로 올바른 것은?,text_only,O,집단행위 개인행위 태도 - 지식,개인행위 태도 지식 - 집단행위,태도 - 지식 집단행위 - 개인행위,지식 태도 개인행위 집단행위,4
산업안전기사,2006,3,인간공학 및 시스템안전공학,26,시스템안전 프로그램의 목표사항 중 보증할 필요가 없는 것은?,text_only,O,시스템의 목표 및 필요사항과 모순되지 않는 안전성의 시스템 설계에 의한 구체화,"신재료 및 신제조, 시험, 기술의 채용 및 사용에 따른위험의 최소화",유사한 시스템 프로그램에 의하여 작성된 과거 안전성 데이터의 고찰 및 이용,시스템의 사고조사에 관한 구체적 기준,4
산업안전기사,2006,3,기계위험방지기술,44,다음 중 셰이퍼(Shaper)의 안전장치가 아닌 것은?,text_only,O,방책,받이,칸막이,시건장치,4
산업안전기사,2006,3,전기위험방지기술,64,피뢰침에 대한 설명 중 잘못된 것은?,text_only,O,피뢰침의 보호 범위는 일반 건물 20m일 때 45 이다.,제1종 접지공사를 한다.,돌침은 지름이 12mm인 것을 사용한다.,접지극과 대지간의 접촉 저항은 10 $\Omega$ 이하로 한다.,1
산업안전기사,2006,3,화학설비위험방지기술,97,다음 중 금수성 물질이 아닌 것은?,text_only,O,나트륨,알킬알루미늄,칼륨,니트로글리세린,4
산업안전기사,2007,1,안전관리론,3,다음 중 착오 요인과 관계가 먼 것은?,text_only,O,동기부여의 부족,정보 부족,정서적 불안정,자기합리화,1
산업안전기사,2007,1,기계위험방지기술,58,산소-아세틸렌 가스용접에 의해 발생되는 재해와 거리가 가장 먼 것은?,text_only,O,화재,폭발,가스중독,안염,4
산업안전기사,2007,1,전기위험방지기술,78,전선로를 개로한 후에도 잔류 전하에 의한 감전재해를 방 지하기 위하여 방전을 요하는 것은?,text_only,O,나선의 가공 송배선 선로,전열회로,전동기에 연결된 전선로,개로한 전선로가 전력케이블로 된 것,4
산업안전기사,2007,1,화학설비위험방지기술,87,다음 연소한계에 대한 설명으로 옳은 것은?,text_only,O,연소하한값은 온도의 증가와 함께 증가한다.,연소상한값은 온도의 증가와 함께 증가한다.,연소하한값은 저온에서는 약간 증가하나 고온에서는 일 정하다.,연소한계는 온도에 관계없이 일정하다.,2
산업안전기사,2007,1,화학설비위험방지기술,108,구조물 해체작업시 해체계획에 포함되지 않는 것은?,text_only,O,사업장 내 연락방법,악천후시 작업계획,해체방법 및 해체순서 도면,"가설설비, 방호설비, 환기설비 등의 방법",2
산업안전기사,2007,2,안전관리론,12,종합재해지수(FSI)에 대한 설명으로 틀린 것은?,text_only,O,강도율과 도수율의 기하평균이다.,강도율을 도수율로 나눈 값의 제곱근이다.,어떤 집단의 안전성적을 비교하는 수단으로 사용된다.,재해의 빈도와 상해정도의 강약을 종합하여 나타낸다.,2
산업안전기사,2007,2,인간공학 및 시스템안전공학,23,"외부로부터 별도의 반응을 요하는 여러 가지의 자극이 주어졌을 때 인간이 반응하는데 소요되는 시간을 선택반응 시간이라고 한다. 자극의 수를 N이라 할 때 다음 중 선택 반응 시간 T와의 관계식으로 가장 적절하게 표한한 것은? (단, a, b는 관련 동작 유형에 관계된 실험 상수이다)",text_only,O,$\\text{T}=(a+b)\\cdot N$,$\\text{T}=a+b\\cdot \\log_{2}N$,$\\text{T}=a+b\\cdot e^{N}$,$\\text{T}=a\\cdot N!+b$,4
산업안전기사,2007,2,기계위험방지기술,56,기계의 부품에 작용하는 하중에서 안전율을 가장 작게 취하 여야 할 것은?,text_only,O,반복하중,교번하중,충격하중,정하중,4
산업안전기사,2007,2,전기위험방지기술,76,국내 전기설비의 방폭구조의 기호와 기호의 의미가 서로 맞지 않는 것은?,text_only,O,본질안전방폭구조: i,내압방폭구조:s,유입방폭구조: o,안전증방폭구조: e,2
산업안전기사,2007,3,인간공학 및 시스템안전공학,39,반경이 15cm 인 조종구(ball control)를 50° 움직일 때 커서(cursor)는 2cm 이동한다. 이러한 선형표시장치의 회전형 제어장치의 C/R비는 약 얼마인가?,text_only,O,5.14,6.54,7.64,9.65,2
산업안전기사,2007,3,기계위험방지기술,49,보일러의 폭발사고 예방을 위한 장치가 아닌 것은?,text_only,O,압력방출장치,압력제한스위치,언로드밸브,고저수위조절장치,3
산업안전기사,2007,3,건설안전기술,120,터널공사 작업 전 시공계획을 작성할 때 시공계획에 반드시 포함되어야할 사항이 아닌 것은?,text_only,O,굴착의 방법,터널지보공 및 복공의 시공방법과 용수의 처리방법,환기 및 조명시설을 하는 때에는 그 방법,긴급 통신설비 설치방법,4
산업안전기사,2008,1,안전관리론,8,모랄 서베이의 방법 중 태도조사법에 해당하지 않는 것은?,text_only,O,질문지법,면접법,관찰법,집단토의법,3
산업안전기사,2008,1,인간공학 및 시스템안전공학,40,다음 중 고온에서의 생리적 반응으로 볼 수 없는 것은?,text_only,O,근육의 이완,체표면적의 증가,피부혈관의 확장,화학적 대사작용의 증가,4
산업안전기사,2008,1,화학설비위험방지기술,90,다음 중 상온에서 물과 격렬히 반응하여 수소를 발생시키는 물질은?,text_only,O,Ti,K,Fe,Ag,2
산업안전기사,2008,1,건설안전기술,101,다음 기계 중 양중기에 포함되지 않는 것은?,text_only,O,리프트,곤돌라,크레인,클램셸,4
산업안전기사,2008,1,건설안전기술,109,이동식 크레인 작업시 준수해야 할 사항으로 잘못된 것은?,text_only,O,운전사는 반드시 면허를 받은 자이어야 한다.,전력선 근처에서의 작업시 붐과 전력선과의 거리는 최소 1m 이상 간격을 유지한다.,부득이한 경우 전용 탑승설비를 설치하여 근로자를 탑승시킬 수 있다.,제한된 지브의 경사각 범위에서만 작업을 해야 한다.,2
산업안전기사,2008,1,건설안전기술,111,추락의 위험이 있는 개구부에 대한 방호조치로서 적합하지 않은 것은?,text_only,O,안전난간울 및 손잡이 등으로 방호조치 한다.,충분한 강도를 가진 구조의 덮개를 뒤집히거나 떨어지지 않도록 설치한다.,어두운 장소에서도 식별이 가능한 개구부 주의표지를 부착한다.,폭 30cm 이상의 발판을 설치한다.,4
산업안전기사,2008,2,안전관리론,6,다음 중 인간의 동기부여에 관한 맥그리거 (McGregor)의X 이론에 해당하지 않는 것은?,text_only,O,인간은 스스로 자기 통제를 한다.,인간은 본래 게으르고 태만하다.,동기는 생리적 수준 및 안전의 수준에서 나타난다.,인간은 명령받는 것을 좋아하며 책임을 회피하려 한다.,1
산업안전기사,2008,2,인간공학 및 시스템안전공학,36,어느 부품 10000개를 10000시간 동안 가동 중에 5개의 불량품이 발생하였을 때 평균동작시간(MTTF)은?,text_only,O,$1 \\times 10^6$ 시간,$2 \\times 10^7$ 시간,$1 \\times 10^8$ 시간,$1 \\times 10^9$ 시간,2
산업안전기사,2008,2,기계위험방지기술,59,휴대용 연삭기의 안전커버의 덮개 노출각도는 최대 몇도 이내로 하여야 하는가?,text_only,O,$160^{\circ}$,$90^{\circ}$,$125^{\circ}$,$180^{\circ}$,4
산업안전기사,2008,2,전기위험방지기술,63,"전압은 저압, 고압 및 특별고압으로 구분되고 있다. 다음 중 저압에 대한 설명으로 가장 알맞은 것은?(2021년 개정된 KEC 규정 적용됨)",text_only,O,"직류 750V 미만, 교류 650V 미만","직류 750V 이하, 교류 1000V 이하","직류 1500V 이하, 교류 1000V 이하","직류 1700V 미만, 교류 1000V 미만",3
산업안전기사,2008,2,화학설비위험방지기술,86,다음 중 용기의 한 개구부로 불활성 가스를 주입하고 다른 개구부로부터 대기 또는 스크러버로 혼합가스를 용기에서 축출하는 퍼지 방법은?,text_only,O,진공퍼지,압력퍼지,스위프퍼지,사이펀퍼지,3
산업안전기사,2008,2,건설안전기술,112,철륜 표면에 다수의 돌기를 붙여 접지면적을 작게 하여 접지압을 증가시킨 롤러로서 깊은 다짐이나 고함수비 지반의 다짐에 많이 이용되는 롤러는?,text_only,O,머캐덤롤러,탠덤롤러,탬핑롤러,타이어롤러,3
산업안전기사,2008,3,안전관리론,14,다음 중 교육훈련의 4단계를 올바르게 나열한 것은?,text_only,O,도입 - 적용 - 제시 - 확인,도입 - 확인 - 제시 - 적용,적용 - 제시 - 도입 - 확인,도입 - 제시 - 적용 - 확인,4
산업안전기사,2008,3,인간공학 및 시스템안전공학,30,다음 중 실내 면(面)의 추천 반사율이 가장 높은 것은?,text_only,O,벽,천정,가구,바닥,2
산업안전기사,2008,3,기계위험방지기술,41,재해발생원인을 나타내는 위험의 5요소가 아닌 것은?,text_only,O,충격,말림,트랩,탈출,4
산업안전기사,2008,3,전기위험방지기술,64,자기방전식 제전기의 제전은 전기의 어떠한 현상을 이용한 것인가?,text_only,O,불꽃방전,자기유도현상,코로나방전,과도현상,3
산업안전기사,2008,3,화학설비위험방지기술,83,독성물질을 실험동물에게 경구 또는 경피로 투여하였을때 실험동물의 50%를 사망시킬 수 있는 물질의 양을 나타내는 기호는?,text_only,O,$LD_{50}$,$LC_{50}$,$ED_{50}$,$TD_{50}$,1
산업안전기사,2008,3,화학설비위험방지기술,98,다음 중 물과 반응하여 수소가스를 발생시키지 않는 물질은?,text_only,O,Mg,Zn,Cu,Li,3
산업안전기사,2009,1,안전관리론,10,다음 중 안전교육의 단계에 있어 교육 대상자가 스스로 행함으로서 습득하게 하는 교육은?,text_only,O,의지교육,기능교육,지식교육,태도교육,3
산업안전기사,2009,1,인간공학 및 시스템안전공학,24,눈의 구조에서 0.2 ~ 0.5mm 의 두께가 얇은 암흑갈색의 막으로 색소세포가 있어 암실처럼 빛을 차단하면서 망막 내면을 덮고 있는 것은?,text_only,O,각막,맥락막,중심와,공막,1
산업안전기사,2009,1,기계위험방지기술,59,"다음 ( )안의 (ㄱ), (ㄴ)에 알맞은 것은? 보일러에서 압력방출장치를 2개 설치하는 경우",text_only,O,"(ㄱ) 평균사용압력, (ㄴ) 1.05배","(ㄱ) 평균사용압력, (ㄴ) 1.10배","(ㄱ) 최고사용압력, (ㄴ) 1.05배","(ㄱ) 최고사용압력, (ㄴ) 1.10배",1
산업안전기사,2009,1,전기위험방지기술,79,"교류 아크용접기의 허용사용율[%]은? (단, 정격사용율 10%, 2차정격전류는 400A, 교류아크용접기의 사용전류는 200A이다.)",text_only,O,40%,50%,60%,70%,1
산업안전기사,2009,1,화학설비위험방지기술,86,"위험물 또는 위험물이 발생하는 물질을 가열?건조하는 건조설비 중 건조실을 설치하는 건축물의 구조를 독립된 단층건물로 해야 하는 기준으로 틀린 것은? (단, 건조실은 내화구조물이 아닌 건축물 내에 있다.)",text_only,O,위험물을 가열?건조하는 경우 가열?건조기의 내용적이 10m$^3$ 이상인 건조설비,위험물이 아닌 물질을 가열?건조하는 경우 고체 또는 액체 연료의 최대 사용량이 10kg/h 이상인 건조설비,위험물이 아닌 물질을 가열?건조하는 경우 기체 연료의 사용량 1m$^3$/h 이상인 건조설비,위험물이 아닌 물질을 가열?건조하는 경우 전기사용정격용량이 10kW 이상인 건조설비,1
산업안전기사,2009,1,건설안전기술,114,통나무비계를 사용할 때 벽연결은 수직방향에서 몇 미터이하로 하여야 하는가?,text_only,O,3m 이하,4.5m 이하,5.5m 이하,7.5m 이하,3
산업안전기사,2009,2,안전관리론,3,다음 중 관리감독자를 대상으로 교육하는 TWI의 교육 내용이 아닌 것은?,text_only,O,문제해결훈련,작업지도훈련,인간관계훈련,작업방법훈련,1
산업안전기사,2009,2,건설안전기술,105,다음 중 승강기에 부착시키는 방호장치에 해당 되지 않는 것은?,text_only,O,과부하방지장치,비상정지장치,조속기,권과방지장치,4
산업안전기사,2009,2,건설안전기술,107,점토지반의 토공사에서 흙막이 밖에 있는 흙이 안으로 밀려 들어와 내측흙이 부풀어 오르는 현상은?,text_only,O,보일링(boiling),히빙(heaving),파이핑(piping),액상화,2
산업안전기사,2009,3,안전관리론,16,다음 중 산업안전보건법상 '화학물질 취급장소에서의 유해?위험 경고'에 사용되는 안전?보건표지의 색도기준으로 옳은 것은?,text_only,O,7.5R 4/14,2.5Y 8/12,7.5PB 2.5/7.5,5G 5.5/6,1
산업안전기사,2009,3,인간공학 및 시스템안전공학,28,다음 중 동작경제의 원칙으로 틀린 것은?,text_only,O,가능한 한 관성을 이용하여 작업을 한다.,공구의 기능을 결합하여 사용하도록 한다.,휴식시간을 제외하고는 양손이 같이 쉬도록 한다.,작업자가 작업 중에 자세를 변경할 수 있도록 한다.,3
산업안전기사,2009,3,기계위험방지기술,57,휴대용 동력 드릴 작업 시 안전사항에 관한 설명으로 틀린 것은?,text_only,O,드릴의 손잡이를 견고하게 잡고 작업하여 드릴손잡이 부위가 회전하지 않고 확실하게 제어 가능하도록 한다.,절삭하기 위하여 구멍에 드릴날을 넣거나 뺄 때 반발에 의하여 손잡이 부분이 튀거나 회전하여 위험을 초래하지 않도록 팔을 드릴과 직선으로 유지한다.,드릴이나 리머를 고정시키거나 제거하고자 할 때 금속성 망치 등을 사용하여 확실히 고정 또는 제거한다.,드릴을 구멍에 맞추거나 스핀들의 속도를 낮추기 위해서 드릴날을 손으로 잡아서는 안된다.,3
산업안전기사,2009,3,화학설비위험방지기술,91,다음 중 위험물의 취급에 관한 설명으로 틀린 것은?,text_only,O,모든 폭발성 물질은 석유류에 침지시켜 보관해야 한다.,압력이 높을수록 인화성 물질의 발화지연이 짧아진다.,가스 누설의 우려가 있는 장소에서의 점화원의 철저한 관리가 필요하다.,도전성이 나쁜 액체는 접지를 통한 정전기 방전 조치를 취한다.,1
산업안전기사,2010,1,안전관리론,2,종업원 1000명이 근무하는 S 사업장의 강도율이 0.40이었다. 이 사업장에서 연간 재해발생으로 인한 근로손실일 수는 총 몇일인가?,text_only,O,480,720,960,1440,3
산업안전기사,2010,1,인간공학 및 시스템안전공학,33,결함수분석법에서 특정 조합의 기본사상들이 모두 결함으로 발생하였을 때 시스템의 고장사상을 일으키는 기본사상의 집합을 무엇이라 하는가?,text_only,O,Cut sets,Path sets,Minimal cut set,Minimal path sets,1
산업안전기사,2010,1,기계위험방지기술,56,아세틸렌 충전작업 중 고려해야 할 안전사항으로 틀린 것은?,text_only,O,"충전은 서서히 하며, 여러 회로 나누지 않고 1회에 끝내야 한다.",충전 중의 압력은 온도에 관계없이 25kgf/cm² 이하로 한다.,충전 후의 압력은 15℃에서 15.5kgf/cm² 이하로 한다.,충전 후 24시간동안 정치한다.,1
산업안전기사,2010,1,전기위험방지기술,75,접지 목적에 따른 접지종류와 접지공사법 모두 맞는 것은?,text_only,O,"계통접지 - 고압전로와 저압전로가 혼촉되는 특별한 경우의 감전이나 화재방지, 제1종 접지공사","기기접지 - 누전되고 있는 기기에 접촉되었을 때의 감전방지, 제2종 접지공사","피뢰기 접지 - 낙뇌로부터 전기 기기의 손상을 방지, 10Ω 이하인 특별 3종 접지공사","등전위 접지 - 병원에 있어서 의료기기 사용 시의 안전을 꾀하기 위함, 0.1Ω 이하 접지공사",4
산업안전기사,2010,1,화학설비위험방지기술,89,다음 [보기]에서 일반적인 자동제어 시스템의 작동순서를 바르게 나열한 것은? ① 검출　② 조절계　③ 밸브　④ 공정상황,text_only,O,① → ② → ④ → ③,④ → ① → ② → ③,② → ④ → ① → ③,③ → ② → ④ → ①,2
산업안전기사,2010,1,화학설비위험방지기술,97,"처음 온도가 20℃ 인 공기를 절대압력 1기압에서 3기압으로 단열압축하면 최종온도는 약 몇 도인가? (단, 공기의 비열비 1.4 이다.)",text_only,O,68℃,75℃,128℃,164℃,3
산업안전기사,2010,2,인간공학 및 시스템안전공학,18,다음 중 Off Job Training에 관한 설명으로 옳은 것은?,text_only,O,개개인에게 적절한 지도훈련이 가능하다.,훈련에 필요한 업무의 계속성이 끊어지지 않는다.,각 직장의 근로자가 지식이나 경험을 교류할 수 있다.,직장의 실정에 맞게 실제적 훈련이 가능하다.,3
산업안전기사,2010,2,인간공학 및 시스템안전공학,25,다음 중 상황해석을 잘못하거나 틀린 목표를 착각하여 행하는 인간의 실수는?,text_only,O,착오(Mistake),실수(Slip),건망증(Lapse),위반(Violation),1
산업안전기사,2010,2,전기위험방지기술,80,"정전용량 C=20[?F], 방전시 전압 V=2[kV]일 때 정전 에너지[J]는 얼마인가?",text_only,O,40,80,400,800,1
산업안전기사,2010,2,화학설비위험방지기술,89,다음 중 소화약제로 사용되는 이산화탄소에 관한 설명으로 틀린 것은?,text_only,O,사용 후에 오염의 영향이 거의 없다.,장시간 저장하여도 변화가 없다.,"보통 일반화재에 주로 사용되며, 억제소화효과를 이용한다.",자체 증기압이 높으므로 자체 압력으로도 방사가 가능하다.,3
산업안전기사,2010,2,건설안전기술,99,"대기압하의 직경이 2m인 물탱크에 탱크 바닥에서부터 2m 높이까지의 물이 들어있다. 이 탱크의 바닥에서 0.5m 위 지점에 직경이 1cm인 작은 구멍이 나서 물이 새어 나오고 있다. 구멍의 위치까지 물이 모두 새어나오는데 필요한 시간은 약 얼마인가? (단, 탱크의 대기압은 0 이며, 배출계수는 0.61로 한다.)",text_only,O,2.0 시간,5.6 시간,11.6 시간,16.1 시간,3
산업안전기사,2010,2,건설안전기술,104,건설공사 중 물체의 낙하 또는 비래에 의하여 재해가 발생할 위험이 있을 때 이에 대한 방지대책으로 가장 거리가 먼 것은?,text_only,O,낙하물 방지망 또는 방호선반을 설치한다.,출입금지구역을 설정하여 출입통제를 한다.,안전난간을 설치한다.,보호구를 착용하고 작업하도록 한다.,3
산업안전기사,2010,3,안전관리론,6,학습이론 중 자극과 반응의 이론이라 볼 수 없는 것은?,text_only,O,Kohler의 통찰성(Insight Theory),Thorndike의 시행착오설(Trial and Error Theory),Pavlov의 조건반사설(Classical Conditioning Theory),Skinner의 조작적 조건화설(Operant Conditioning Theory),1
산업안전기사,2010,3,기계위험방지기술,52,연삭숫돌의 상부를 사용하는 것을 목적으로 하는 탁상용 연삭기의 안전덮개 노출각도로 다음 중 가장 적절한 것은?,text_only,O,90° 이내,65° 이상,60° 이내,125° 이내,3
산업안전기사,2010,3,화학설비위험방지기술,92,"공기 중 아세톤의 농도가 200ppm(TVL500ppm), 메틸에틸케론(MEK)의 농도가 100ppm(TVL 200ppm)일 때 혼합물질의 허용농도는 약 몇 ppm 인가? (단, 두 물질은 서로 상가작용을 하는 것으로 가정한다.)",text_only,O,150,200,270,333,4
산업안전기사,2010,3,건설안전기술,110,건립 중 강풍에 의한 풍압 등 외압에 대한 내력이 설계에 고려되었는지 확인하여야 하는 철골구조물이 아닌 것은?,text_only,O,높이 20m 이상인 구조물,폭과 높이의 비가 1:4 이상인 구조물,연면적 당 철골량이 50kg/m² 이상인 구조물,이음부가 현장용접인 구조물,3
산업안전기사,2010,3,건설안전기술,112,말비계를 조립하여 사용할 때의 준수사항으로 옳지 않은 것은?,text_only,O,지주부재의 하단에는 미끄럼 방지장치를 한다.,지주부재와 수평면과의 기울기는 75° 이하로 한다.,말비계의 높이가 2m를 초과할 경우에는 작업발판의 폭을 30cm 이상으로 한다.,지주부재와 지주부재 사이를 고정시키는 보조부재를 설치한다.,3
산업안전기사,2011,1,안전관리론,1,"인간의 행동에 관한 레윈(Lewin)의 식, B = f( P·E )에 관한 설명으로 옳은 것은?",text_only,O,인간의 개성(P)에는 연령과 지능이 포함되지 않는다.,"인간의 행동(B)은 개인의 능력과 관련이 있으며, 환경과는 무관하다.",인간의 행동(B)은 개인의 자질과 심리학적 환경과의 상호 함수관계에 있다.,"B는 행동, P는 개성, E는 기술을 의미하며 행동은 능력을 기반으로 하는 개성에 따라 나타나는 함수 관계이다.",3
산업안전기사,2011,1,인간공학 및 시스템안전공학,21,다음 중 예비위험분석(PHA)의 목적으로 가장 적절한 것은?,text_only,O,시스템의 구상단계에서 시스템 고유의 위험상태를 식별하여 예상되는 위험수준을 결정하기 위한 것이다.,시스템에서 사고위험성이 정해진 수준이하에 있는 것을 확인하기 위한 것이다.,시스템내의 사고의 발생을 허용레벨까지 줄이고 어떠한 안전상에 필요사항을 결정하기 위한 것이다.,시스템의 모든 사용단계에서 모든 작업에 사용되는 인원 및 설비 등에 관한 위험을 분석하기 위한 것이다.,1
산업안전기사,2011,1,기계위험방지기술,47,"철강업 등에서 10일 간격으로 10시간 정도의 정기 수리일을 마련하여 대대적인 수리, 수선을 하게 되는데 이와 같이 일정기간마다 설비보전활동을 하는 것을 무엇이라 하는가?",text_only,O,사후보전(Break down Maintenance(BM)),시간기준보전(Time Based Maintenance(TBM)),개량보전(Concentration Maintenance(CM)),상태기준보전(Condition Based Maintenance(CBM)),2
산업안전기사,2011,1,전기위험방지기술,80,내압 방폭구조의 주요 시험항목이 아닌 것은?,text_only,O,폭발강도,인화온도,절연시험,기계적 강도시험,3
산업안전기사,2011,1,화학설비위험방지기술,81,다음 중 분진폭발의 특징을 가장 올바르게 설명한 것은?,text_only,O,연소속도가 가스폭발보다 크다.,안전 연소로 가스중독의 위험은 적다.,"가스 폭발보다 연소시간은 짧고, 발생에너지는 적다.",화염의 파급속도보다 압력의 파급속도가 크다.,4
산업안전기사,2011,1,화학설비위험방지기술,94,"건조설비의 구조를 구조부분, 가열장치, 부속설비로 구분할 때 다음 중 '부속설비'에 속하는 것은?",text_only,O,보온판,열원장치,소화장치,철골부,3
산업안전기사,2011,1,화학설비위험방지기술,95,"다음 중 송풍기의 상사법칙으로 옳은 것은? (단, 송풍기의 크기와 공기의 비중량은 일정하다.)",text_only,O,풍압은 회전수에 반비례한다.,풍량은 회전수의 제곱에 비례한다.,소요동력은 회전수의 세제곱에 비례한다.,풍압과 동력은 절대온도에 비례한다.,3
산업안전기사,2011,1,화학설비위험방지기술,96,다음 중 공업용 인화성 가스의 저장용기에 관한 설명으로 옳은 것은?,text_only,O,아세틸렌가스는 적색으로 도색한 용기를 사용한다.,액화석유가스는 주황색으로 도색한 용기를 사용한다.,액화암모니아가스는 황색으로 도색한 용기를 사용한다.,질소가스는 회색으로 도색한 용기를 사용한다.,4
산업안전기사,2011,1,건설안전기술,118,다음 중 건물 해체용 기구가 아닌 것은?,text_only,O,압쇄기,스크레이퍼,잭,철해머,2
산업안전기사,2011,2,인간공학 및 시스템안전공학,22,"다음 중 조작상의 과오로 기기의 일부에 고장이 발생하는 경우, 이 부분의 고장으로 인하여 사고가 발생하는 것을 방지하도록 설계하는 방법은?",text_only,O,신뢰성 설계,페일 세이프(fail safe) 설계,풀 프루프(fool proof) 설계,사고 방지(accident proof) 설계,2
산업안전기사,2011,2,기계위험방지기술,42,롤러기 안전장치의 하나인 복부로 조작하는 급정지장치의 위치로서 가장 적당한 것은?,text_only,O,밑면으로부터 1.8m 이내,밑면으로부터 2.0m 이내,밑면으로부터 0.8m 이상 1.1m 이내,밑면으로부터 0.4m 이상 0.6m 이내,3
산업안전기사,2011,2,전기위험방지기술,61,누전차단기의 구성요소가 아닌 것은?,text_only,O,누전 검출부,영상변류기,차단장치,전력퓨즈,4
산업안전기사,2011,2,건설안전기술,101,"굴착작업에서 지반의 붕괴 또는 매설물, 기타 지하공작물의 손괴 등에 의하여 근로자에게 위험을 미칠 우려가 있을 때 작업장소 및 그 주변에 대한 사전 지반조사사항으로 가장 거리가 먼 것은?",text_only,O,형상ㆍ지질 및 지층의 상태,매설물 등의 유무 또는 상태,지표수의 흐름 상태,균열ㆍ함수ㆍ용수 및 동결의 유무 또는 상태,3
산업안전기사,2011,2,건설안전기술,113,흙속의 전단응력을 증대시키는 원인에 해당하지 않는 것은?,text_only,O,자연 또는 인공에 의한 지하공동의 형성,함수비의 감소에 따른 흙의 단위체적 중량의 감소,"지진, 폭파에 의한 진동 발생",균열내에 작용하는 수압증가,2
산업안전기사,2011,3,안전관리론,11,다음 중 학습을 자극(Stimulus)에 의한 반응(Response)으로 보는 이론에 해당하는 것은?,text_only,O,장설(Field Theory),통찰설(Insight Theory),기호형태설(Sign-gestalt Theory),시행착오설(Trial and Error Theory),4
산업안전기사,2011,3,안전관리론,16,"다음 중 산업안전보건법에 따라 환기가 극히 불량한 좁은 밀폐된 장소에서 용접작업을 하는 근로자를 대상으로 한 특별 안전ㆍ보건교육내용에 해당하지 않는 것은? (단, 일반적인 안전ㆍ보건에 필요한 사항은 제외한다.)",text_only,O,환기설비에 관한 사항,질식시 응급조치에 관한 사항,"작업순서, 안전작업방법 및 수칙에 관한 사항","폭발 한계점, 발화점 및 인화점 등에 관한 사항",4
산업안전기사,2011,3,인간공학 및 시스템안전공학,40,다음 중 인간공학의 정의로 가장 적합한 것은?,text_only,O,인간의 과오가 시스템에 미치는 영향을 최소화하기 위한 연구분야,"인간, 기계, 물자, 환경으로 구성된 복잡한 체계의 효율을 최대로 활용하기 위하여 인간의 한계 능력을 최대화하는 학문분야","인간, 기계, 물자, 환경으로 구성된 복잡한 체계의 효율을 최대로 활용하기 위하여 인간의 생리적, 심리적 조건을 시스템에 맞추는 학문분야","인간의 특성과 한계 능력을 공학적으로 분석, 평가하여 이를 복잡한 체계의 설계에 응용함으로 효율을 최대로 활용할 수 있도록 하는 학문분야",4
산업안전기사,2011,3,기계위험방지기술,50,공작기계인 선반에서 길이가 지름의 12배 이상인 긴 공작물의 절삭 시 사용되는 장치로 적합한 것은?,text_only,O,칩 브레이커,척 커버,방진구,실드,3
산업안전기사,2011,3,화학설비위험방지기술,91,"산업안전보건법에서 분류한 위험물질의 종류 중 부식성 산류는 농도가 몇 % 이상인 염산, 황산, 질산, 그 밖에 이와 같은 정도 이상의 부식성을 가지는 물질을 말하는가?",text_only,O,10,15,20,25,3
산업안전기사,2011,3,건설안전기술,102,강풍 시 타워크레인의 작업제한과 관련된 사항으로 타워크레인의 운전작업을 중지해야 하는 순간풍속 기준으로 옳은 것은?(2022년 02월 21일 확인된 규정 적용),text_only,O,순간풍속이 매초 당 10 미터 초과,순간풍속이 매초 당 15 미터 초과,순간풍속이 매초 당 20 미터 초과,순간풍속이 매초 당 25 미터 초과,2
산업안전기사,2012,1,기계위험방지기술,48,다음 중 산업안전보건법상 크레인에 전용 탑승설비를 설치하고 근로자를 달아 올린 상태에서 작업에 종사시킬 경우 근로자의 추락 위험을 방지하기 위하여 실시해야할 조치사항으로 적합하지 않은 것은?,text_only,O,승차석 외의 탑승 제한,안전대나 구명줄의 설치,탑승설비의 하강시 동력하강방법을 사용,탑승설비가 뒤집히거나 떨어지지 않도록 필요한 조치,1
산업안전기사,2012,1,화학설비위험방지기술,85,산업안전보건법에 따라 위험물 건조설비 중 건조실을 설치하는 건축물의 구조를 독립된 단층 건물로 하여야 하는 건조설비가 아닌 것은?,text_only,O,위험물 또는 위험물이 발생하는 물질을 가열ㆍ건조하는 경우 내용적이 1m$^3$ 이상인 건조설비,위험물이 아닌 물질을 가열ㆍ건조하는 경우 액체연료의 최대사용량이 5kg/h 이상인 건조설비,위험물이 아닌 물질을 가열ㆍ건조하는 경우 기체연료의 최대사용량이 1m$^3$/h 이상인 건조설비,위험물이 아닌 물질을 가열ㆍ건조하는 경우 전기사용 정격용량이 10kW 이상인 건조설비,2
산업안전기사,2012,1,화학설비위험방지기술,95,고압가스 용기 파열사고의 주요 원인 중 하나는 용기의 내압력(耐壓力) 부족이다. 다음 중 내압력 부족의 원인으로 틀린 것은?,text_only,O,용기 내벽의 부식,강재의 피로,과잉 충전,용접 불량,3
산업안전기사,2012,2,안전관리론,7,리더십 이론 중 관리 그리드 이론에 있어 대표적인 유형의 설명이 잘못 연결된 것은?,text_only,O,(1.1) : 무관심형,(3.3) : 타협형,(9.1) : 과업형,(1.9) : 인기형,2
산업안전기사,2012,2,전기위험방지기술,62,다음 중 활선근접 작업시의 안전조치로 적절하지 않은 것은?,text_only,O,저압 활선작업시 노출 충전부분의 방호가 어려운 경우에는 작업자에게 절연용 보호구를 착용토록 한다.,고압 활선작업시는 작업자에게 절연용 보호구를 착용 시킨다.,"고압선로의 근접작업시 머리위로 30cm, 몸 옆과 발밑으로 50cm 이상 접근한계거리를 반드시 유지하여야 한다.",특고압 전로에 근접하여 작업시 감전위험이 없도록 대지와 절연조치가 된 활선작업용 장치를 사용하여야 한다.,3
산업안전기사,2012,2,건설안전기술,116,차량계 건설기계를 사용하여 작업을 하는 때에 작업계획에 포함되지 않아도 되는 사항은?,text_only,O,사용하는 차량계 건설기계의 종류 및 성능,차량계 건설기계의 운행경로,차량계 건설기계에 의한 작업방법,차량계 건설기계 사용 시 유도자 배치 위치,4
산업안전기사,2012,3,안전관리론,10,다음 중 인간관계 관리기법에 있어 구성원 상호간의 선호도를 기초로 집단 내부의 동태적 상호관계를 분석하는 방법으로 가장 적절한 것은?,text_only,O,소시오매트리(sociometry),그리드 훈련(grid training),집단역할(group dynamic),감수성 훈련(sensitivity training),1
산업안전기사,2012,3,인간공학 및 시스템안전공학,35,다음 중 부울대수의 관계식으로 틀린 것은?,text_only,O,$A + AB = A$,$A(A + B) = A + B$,$A + \\overline{A}B = A + B$,$A + \\overline{A} = 1$,2
산업안전기사,2012,3,기계위험방지기술,46,산업안전보건법령상 롤러기에 사용하는 급정지장치 중 작업자의 무릎으로 조작하는 것의 위치로 옳은 것은?,text_only,O,밑면에서 0.2m 이상 0.4m 이내,밑면에서 0.4m 이상 0.6m 이내,밑면에서 0.8m 이상 1.1m 이내,밑면에서 1.8m 이내,2
산업안전기사,2012,3,전기위험방지기술,68,"대전서열을 올바르게 나열한 것은?(단, (+) ~ (-) 순임)",text_only,O,폴리에틸렌 - 셀룰로이드 - 염화비닐 - 테프론,셀룰로이드 - 폴리에틸렌 - 염화비닐 - 테프론,염화비닐 - 폴리에틸렌 - 셀룰로이드 - 테프론,테프론 - 셀룰로이드 - 염화비닐 - 폴리에틸렌,1
산업안전기사,2012,3,화학설비위험방지기술,99,다음 중 분해 폭발의 위험성이 있는 아세틸렌의 용제로 가장 적절한 것은?,text_only,O,에테르,에틸알코올,아세톤,아세트알데히드,3
산업안전기사,2013,1,안전관리론,16,다음 중 구체적인 동기유발요인에 속하지 않는 것은?,text_only,O,기회,자세,인정,참여,2
산업안전기사,2013,1,전기위험방지기술,71,감전되어 사망하는 주된 메커니즘과 거리가 먼 것은?,text_only,O,심장부에 전류가 흘러 심실세동이 발생하여 혈액순환 기능이 상실되어 일어난 것,흉골에 전류가 흘러 혈압이 약해져 뇌에 산소공급기능이 정지되어 일어난 것,뇌의 호흡중추 신경에 전류가 흘러 호흡기능이 정지되어 일어난 것,흉부에 전류가 흘러 흉부수축에 의한 질식으로 일어난 것,2
산업안전기사,2013,1,화학설비위험방지기술,81,다음 중 물 소화약제의 단점을 보완하기 위하여 물에 탄산칼륨(K$_2$CO$_3$)등을 녹인 수용액으로 부동성이 높은 알칼리성 소화약제는?,text_only,O,포 소화약제,분말 소화약제,강화액 소화약제,산알칼리 소화약제,3
산업안전기사,2013,1,화학설비위험방지기술,87,다음 중 반응 또는 조작과정에서 발열을 동반하지 않는 것은?,text_only,O,질소와 산소의 반응,탄화칼슘과 물과의 반응,물에 의한 진한 황산의 희석,생석회와 물과의 반응,1
산업안전기사,2013,1,화학설비위험방지기술,98,"프로판(C$_3$H$_8$)의 연소에 필요한 최소 산소농도의 값은? (단, 프로판의 폭발하한은 Jone식에 의해 추산한다.)",text_only,O,8.1%v/v,11.1%v/v,15.1%v/v,20.1%v/v,2
산업안전기사,2013,2,안전관리론,15,다음 중 브레인스토밍(Brain-storming)기법의 4원칙에 관한 설명으로 틀린 것은?,text_only,O,한 사람이 많은 의견을 제시할 수 있다.,타인의 의견을 수정하여 발언할 수 있다.,"타인의 의견에 대하여 비판, 비평하지 않는다.",의견을 발언할 때에는 주어진 요건에 맞추어 발언한다.,4
산업안전기사,2013,2,인간공학 및 시스템안전공학,24,다음 중 산업안전보건법령에 따라 기계ㆍ기구 및 설비의 설치ㆍ이전 등으로 인해 유해ㆍ위험방지계획서를 제출 하여야 하는 대상에 해당하지 않는 것은?,text_only,O,공기압축기,건조설비,화학설비,가스집합 용접장치,1
산업안전기사,2013,2,기계위험방지기술,45,다음 중 산업안전보건법령상 연삭숫돌을 사용하는 작업의 안전수칙으로 틀린 것은?,text_only,O,연삭숫돌을 사용하는 경우 작업시작 전과 연삭숫돌을 교체한 후에는 1분 이상 시운전을 통해 이상 유무를 확인한다.,회전 중인 연삭숫돌이 근로자에게 위험을 미칠 우려가 있는 경우에 그 부위에 덮개를 설치하여야 한다.,연삭숫돌의 최고 사용회전속도를 초과하여 사용하여서는 안 된다.,측면을 사용하는 목적으로 하는 연삭숫돌 이외는 측면을 사용해서는 안 된다.,1
산업안전기사,2013,2,전기위험방지기술,77,정전기 발생에 영향을 주는 요인과 관계가 가장 적은 것은?,text_only,O,물체의 표면상태,접촉면적 및 압력,분리속도,물의 음이온,4
산업안전기사,2013,2,화학설비위험방지기술,89,8% NaOH 수용액과 5% NaOH 수용액을 반응기에 혼합하여 6% 100kg의 NaOH 수용액을 만들려면 각각 몇 kg의 NaOH 수용액이 필요한가?,text_only,O,"5% NaOH 수용액 : 50.5kg, 8% NaOH 수용액 : 49.5kg","5% NaOH 수용액 : 56.8kg, 8% NaOH 수용액 : 43.2kg","5% NaOH 수용액 : 66.7kg, 8% NaOH 수용액 : 33.3kg","5% NaOH 수용액 : 73.4kg, 8% NaOH 수용액 : 26.6kg",3
산업안전기사,2013,2,건설안전기술,105,산업안전보건법상 차량계 하역운반기계 등에 단위화물의 무게가 100kg 이상인 화물을 싣는 작업 또는 내리는 작업을 하는 경우에 해당 작업 지휘자가 준수하여야 할 사항과 가장 거리가 먼 것은?,text_only,O,작업순서 및 그 순서마다의 작업방법을 정하고 작업을 지휘할 것,기구와 공구를 점검하고 불량품을 제거할 것,대피방법을 미리 교육하는 일,로프 풀기 작업 또는 덮개 벗기기 작업은 적재함의 화물이 떨어질 위험이 없음을 확인한 후에 하도록 할 것,3
산업안전기사,2013,3,인간공학 및 시스템안전공학,37,다음 중 정보의 촉각적 암호화 방법으로만 구성된 것은?,text_only,O,"점자, 진동, 온도","초인종, 점멸등, 점자","신호등, 경보음, 점등","연기, 온도, 모스(Morse)부호",1
산업안전기사,2013,3,기계위험방지기술,53,다음 중 밀링작업에 대한 안전조치 사항으로 옳지 않은 것은?,text_only,O,급속이송은 한 방향으로만 한다.,커터는 될 수 있는 한 컬럼에 가깝게 설치한다.,백래시(back lash) 제거장치는 급속이송시 작동한다.,이송장치의 핸들은 사용 후 반드시 빼 두어야 한다.,3
산업안전기사,2013,3,전기위험방지기술,75,작업자가 교류전압 7000V 이하의 전로에 활선 근접작업시 감전사고 방지를 위한 절연용 보호구는?,text_only,O,고무절연관,절연시트,절연커버,절연안전모,4
산업안전기사,2013,3,건설안전기술,108,건설작업용 타워크레인의 안전장치가 아닌 것은?,text_only,O,권과 방지장치,과부하 방지장치,브레이크 장치,호이스트 스위치,4
산업안전기사,2013,3,건설안전기술,110,다음은 말비계 조립 시 준수사항이다. ( )안에 알맞은 수치는?\n\n- 지주부재와 수평면의 기울기는 (①)° 이하로 하고 지주부재와 지주부재 사이를 고정시키는 보조부재를 설치할 것\n- 말비계의 높이가 2m를 초과하는 경우에는 작업발판의 폭을 (②)cm 이상으로 할 것,text_only,O,"① 75, ② 30","① 75, ② 40","① 85, ② 30","① 85, ② 40",2
산업안전기사,2014,1,안전관리론,15,재해로 인한 직접비용으로 8000만원이 산재보상비로 지급되었다면 하인리히 방식에 따를 때 총 손실비용은 얼마 인가?,text_only,O,16000만원,24000만원,32000만원,40000만원,4
산업안전기사,2014,1,인간공학 및 시스템안전공학,23,"3개 공정의 소음수준 측정 결과 1공정은 100dB에서 1시간, 2공정은 95dB에서 1시간, 3공정은 90dB에서 1시간이 소요될 때 총 소음량(TND)과 소음설계의 적합성을 올바르게 나열한 것은? (단, 90dB에 8시간 노출할 때를 허용기준으로 하며, 5dB 증가할 때 허용시간은 1/2로 감소되는 법칙을 적용한다.)",text_only,O,"TND = 0.78, 적합","TND = 0.88, 적합","TND = 0.98, 적합","TND = 1.08, 부적합",2
산업안전기사,2014,1,기계위험방지기술,58,다음 중 자동화설비를 사용하고자 할 때 기능의 안전화를 위하여 검토할 사항과 가장 거리가 먼 것은?,text_only,O,부품변형에 의한 오동작,사용압력 변동시의 오동작,전압강하 및 정전에 따른 오동작,단락 또는 스위치 고장시의 오동작,1
산업안전기사,2014,1,전기위험방지기술,74,"심실세동을 일으키는 위험한계 에너지는 약 몇 J 인가? (단 심실세동 전류 $I=\frac{165}{\sqrt{T}}mA$, 통전시간 T = 1초, 인체의 전기저항 R = 800Ω 이다.)",text_only,O,12,22,32,42,2
산업안전기사,2014,1,건설안전기술,104,연약지반의 이상현상 중 하나인 히빙(heaving)현상에 대한 안전대책이 아닌 것은?,text_only,O,흙막이벽의 관입깊이를 깊게 한다.,굴착 지면에 토사 등으로 하중을 가한다.,흙막이 배면의 표토를 제거하여 토압을 경감시킨다.,주변 수위를 높인다.,4
산업안전기사,2014,2,안전관리론,13,다음 중 산업재해의 원인으로 간접적 원인에 해당되지 않는 것은?,text_only,O,기술적 원인,물적 원인,관리적 원인,교육적 원인,2
산업안전기사,2014,2,인간공학 및 시스템안전공학,32,다음 중 산업안전보건법에 따라 제조업의 유해·위험방지계획서를 작성하고자 할 때 관련 규정에 따라 1명 이상 포함시켜야 하는 사람의 자격으로 적합하지 않은 것은?,text_only,O,안전관리분야 기술사 자격을 취득한 사람,기계안전·전기안전·화공안전분야의 산업안전지도사 자격을 취득한 사람,기사 자격을 취득한 사람으로서 해당 분야에서 5년 근무한 경력이 있는 사람,한국산업안전보건공단이 실시하는 관련 교육을 8시간 이수한 사람,4
산업안전기사,2014,2,기계위험방지기술,54,다음 중 아세틸렌 용접시 역화가 일어날 때 가장 먼저 취해야 할 행동으로 가장 적절한 것은?,text_only,O,"산소밸브를 즉시 잠그고, 아세틸렌 밸브를 잠근다.","아세틸렌 밸브를 즉시 잠그고, 산소밸브를 잠근다.","산소밸브는 열고, 아세틸렌 밸브는 즉시 닫아야 한다.",아세틸렌의 사용압력을 1kgf/cm$^2$ 이하로 즉시 낮춘다.,1
산업안전기사,2014,2,전기위험방지기술,69,전동기용 퓨즈의 사용 목적으로 알맞은 것은?,text_only,O,과전압 차단,지락과전류 차단,누설전류 차단,회로에 흐르는 과전류 차단,4
산업안전기사,2014,2,화학설비위험방지기술,89,탱크 내부에서 작업시 작업용구에 관한 설명으로 옳지 않은 것은?,text_only,O,유리라이닝을 한 탱크 내부에서는 줄사다리를 사용한다.,가연성 가스가 있는 경우 불꽃을 내기 어려운 금속을 사용한다.,용접 절단시에는 바람의 영향을 억제하기 위하여 환기 장치의 설치를 제한한다.,탱크 내부에 인화성 물질의 증기로 인한 폭발 위험이 우려되는 경우 방폭구조의 전기기계기구를 사용한다.,3
산업안전기사,2014,3,안전관리론,9,다음 중 산업재해가 발생하였을 때 [보기]의 각 단계를 긴급처치의 순서대로 가장 적절하게 나열한 것은?\n\n① 재해자 구출\n② 관계자 통보\n③ 2차재해 방지\n④ 관련 기계의 정지\n⑤ 서둘러 응급처치\n⑥ 현장보존,text_only,O,① → ④ → ② → ⑤ → ③ → ⑥,② → ① → ④ → ⑤ → ③ → ⑥,④ → ① → ⑤ → ② → ③ → ⑥,⑤ → ① → ④ → ③ → ② → ⑥,3
산업안전기사,2014,3,인간공학 및 시스템안전공학,25,인간-기계시스템의 설계를 6단계로 구분할 때 다음 중 첫 번째 단계에서 시행하는 것은?,text_only,O,기본설계,시스템의 정의,인터페이스 설계,시스템의 목표와 성능명세 결정,4
산업안전기사,2014,3,기계위험방지기술,56,산업안전보건법령상 지게차의 최대하중의 2배값이 6톤일 경우 헤드가드의 강도는 몇 톤의 등분포정하중에 견딜수 있어야 하는가?,text_only,O,4,6,8,12,1
산업안전기사,2014,3,전기위험방지기술,66,고장전류와 같은 대전류를 차단할 수 있는 것은?,text_only,O,차단기(CB),유입 개폐기(OS),단로기(DS),선로 개폐기(LS),1
산업안전기사,2015,1,안전관리론,1,휴먼에러(Human Error) 원인의 레벨(Level)을 분류할 때 작업조건이나 작업형태 중에서 다른 문제가 생겨서 그것 때문에 필요한 사항을 실행할 수 없는 에러를 무엇이라고 하는가?,text_only,O,Command Error,Primary Error,Secondary Error,Third Error,3
산업안전기사,2015,1,안전관리론,9,"토의식 교육방법 중 새로운 교재를 제시하고 거기에서의 문제점을 피교육자로 하여금 제기하게 하거나, 의견을 여러가지 방법으로 발표하게 하고, 다시 깊이 파고 들어가 토의하는 방법은?",text_only,O,포럼(Forum),심포지엄(Symposium),패널 디스커션(Panel discussion),버즈세션(Buzz session),1
산업안전기사,2015,1,인간공학 및 시스템안전공학,35,다음 중 HAZOP 기법에서 사용되는 가이드워드와 그 의미가 잘못 연결된 것은?,text_only,O,As well as : 성질상의 증가,More/Less : 정량적인 증가 또는 감소,Part of : 성질상의 감소,Other than : 기타 환경적인 요인,4
산업안전기사,2015,1,기계위험방지기술,47,다음 중 연삭기 작업시 안전사항의 유의사항으로 옳지 않은 것은?,text_only,O,연삭숫돌을 교체할 때에는 1분 이내로 시운전하고 이상 여부를 확인한다.,연삭숫돌의 최고사용 원주속도를 초과해서 사용하지 않는다.,탁상용연삭기에는 작업받침대와 조정편을 설치한다.,탁상용연삭기의 경우 덮개의 노출각도는 90°를 넘지 않아야 한다.,1
산업안전기사,2015,1,전기위험방지기술,69,개폐기로 인한 발화는 개폐시의 스파크에 의한 가연물의 착화화재가 많이 발생한다. 이를 방지하기 위한 대책으로 틀린 것은?,text_only,O,"가연성증기, 분진 등이 있는 곳은 방폭형을 사용한다.",개폐기를 불연성 상자 안에 수납한다.,비포장 퓨즈를 사용한다.,접속부분의 나사풀림이 없도록 한다.,3
산업안전기사,2015,1,화학설비위험방지기술,92,다음 중 폭발범위에 관한 설명으로 틀린 것은?,text_only,O,상한값과 하한값이 존재한다.,온도에 비례하지만 압력과는 무관하다.,가연성 가스의 종류에 따라 각각 다른 값을 갖는다.,공기와 혼합된 가연성 가스의 체적 농도로 나타낸다.,2
산업안전기사,2015,1,화학설비위험방지기술,99,압축기와 송풍기의 관로에 심한 공기의 맥동과 진동을 발생하면서 불안정한 운전이 되는 서어징(surging) 현상의 방지법으로 옳지 않은 것은?,text_only,O,풍량을 감소시킨다.,배관의 경사를 완만하게 한다.,교축밸브를 기계에서 멀리 설치한다.,토출가스를 흡입축에 바이패스 시키거나 방출밸브에 의해 대기로 방출시킨다.,3
산업안전기사,2015,1,건설안전기술,113,강풍 시 타워크레인의 운전작업을 중지해야 하는 순간 풍속기준은?,text_only,O,순간풍속이 초당 5m 초과,순간풍속이 초당 10m 초과,순간풍속이 초당 15m 초과,순간풍속이 초당 20m 초과,3
산업안전기사,2015,2,안전관리론,18,다음 중 방진마스크의 구비 조건으로 적절하지 않은 것은?,text_only,O,흡기밸브는 미약한 호흡에 대하여 확실하고 예민하게 작동하도록 할 것,쉽게 착용되어야 하고 착용하였을 때 안면부가 안면에 밀착되어 공기가 새지 않을 것,여과재는 여과성능이 우수하고 인체에 장해를 주지 않을 것,흡·배기밸브는 외부의 힘에 의하여 손상되지 않도록 흡·배기 저항이 높을 것,4
산업안전기사,2015,2,인간공학 및 시스템안전공학,28,"실린더 블록에 사용하는 가스켓의 수명은 평균 10000시간이며, 표준편차는 200시간으로 정규분포를 따른다. 사용시간이 9600시간일 경우 이 가스켓의 신뢰도는 약 얼마인가? (단, 표준정규분포상 Z$_1$=0.8413, Z$_2$=0.9772 이다.)",text_only,O,84.13%,88.73%,92.72%,97.72%,4
산업안전기사,2015,2,기계위험방지기술,60,프레스 작업 중 부주의로 프레스의 페달을 밟는 것에 대비하여 페달에 설치하는 것을 무엇이라 하는가?,text_only,O,클램프,로크너트,커버,스프링 와셔,3
산업안전기사,2015,2,전기위험방지기술,65,폭발위험장소에서 점화성 불꽃이 발생하지 않도록 전기 설비를 설치하는 방법으로 틀린 것은?,text_only,O,낙뢰 방호조치를 취한다.,모든 설비를 등전위 시킨다.,정전기의 영향을 안전한계 이내로 줄인다.,0종 장소는 금속부에 전식방지설비를 한다.,4
산업안전기사,2015,2,건설안전기술,111,달비계의 와이어로프의 사용금지 기준에 해당하지 않는 것은?,text_only,O,와이어로프의 한 꼬임에서 끊어진 소선의 수가 10% 이상인 것,지름의 감소가 공칭지름의 7%를 초과하는 것,심하게 변형되거나 부식된 것,균열이 있는 것,4
산업안전기사,2015,3,기계위험방지기술,41,다음 중 공장 소음에 대한 방지계획에 있어 음원에 대한 대책에 해당하지 않는 것은?,text_only,O,해당 설비의 밀폐,설비실의 차음벽 시공,작업자의 보호구 착용,소음기 및 흡음장치 설치,3
산업안전기사,2015,3,전기위험방지기술,67,내측원통의 반경이 r 이고 외측원통의 반경이 R인 원통간극(r/R=1(=0.368))에서 인가전압이 V인 경우 최대 전계 $E_r = \frac{V}{r\ln(R/r)}$ 이다. 인가전압을 간극 간 공기의 절연파괴전압 전까지 낮은 전압에서 서서히 증가할 때의 설명으로 틀린 것은?,text_only,O,최대전계가 감소한다.,안정된 코로나 방전이 존재할 수 있다.,외측원통의 반경이 증대되는 효과가 있다.,내측원통 표면부터 코로나 방전 발생이 시작된다.,3
산업안전기사,2015,3,화학설비위험방지기술,93,다음 중 공업용 가연성 가스 및 독성가스의 저장용기 도색에 관한 설명으로 옳은 것은?,text_only,O,아세틸렌가스는 적색으로 도색한 용기를 사용한다.,액화염소가스는 갈색으로 도색한 용기를 사용한다.,액화석유가스는 주황색으로 도색한 용기를 사용한다.,액화암모니아가스는 황색으로 도색한 용기를 사용한다.,2
산업안전기사,2015,3,화학설비위험방지기술,99,공정안전보고서에 관한 설명으로 옳지 않은 것은?,text_only,O,공정안전보고서를 작성할 때에는 산업안전보건위원회의 심의를 거쳐야 한다.,공정안전보고서를 작성 할 때에 산업안전보건위원회가 설치되어 있지 아니한 사업장의 경우에는 근로자대표의 의견을 들어야 한다.,공정안전보고서의 내용을 변경하여야 할 사유가 발생한 경우에는 14일 이내 고용노동부장관의 승인을 득한 후 보완하여야 한다.,"고용노동부장관은 정하는 바에 따라 공정안전보고서의 이행 상태를 정기적으로 평가하고, 그 결과에 따른 보완 상태가 불량한 사업장의 사업주에게는 공정안전보고서를 다시 제출하도록 명할 수 있다.",3
산업안전기사,2016,1,안전관리론,20,무재해운동 추진기법에 있어 위험예지훈련 4라운드에서 제3단계 진행방법에 해당하는 것은?,text_only,O,본질추구,현상파악,목표설정,대책수립,4
산업안전기사,2016,1,인간공학 및 시스템안전공학,30,다음 중 FTA(Fault Tree Analysis)에 관한 설명으로 가장 적절한 것은?,text_only,O,"복잡하고, 대형화된 시스템의 신뢰성 분석에는 적절하지 않다.",시스템 각 구성요소의 기능을 정상인가 또는 고장인가로 점진적으로 구분 짓는다.,그것이 발생하기 위해서는 무엇이 필요한가' 라는 것은 연역적이다.,사건들을 일련의 이분(binary) 의사 결정 분기들로 모형화한다.,3
산업안전기사,2016,1,기계위험방지기술,41,밀링작업의 안전수칙이 아닌 것은?,text_only,O,주축속도를 변속시킬 때는 반드시 주축이 정지한 후에 변환한다.,절삭 공구를 설치할 때에는 전원을 반드시 끄고 한다.,정면밀링커터 작업 시 날끝과 동일높이에서 확인하며 작업한다.,작은 칩의 제거는 브러쉬나 청소용 솔을 사용하며 제거한다.,3
산업안전기사,2016,1,전기위험방지기술,70,전기에 의한 감전사고를 방지하기 위한 대책이 아닌 것은?,text_only,O,전기기기에 대한 정격 표시,전기설비에 대한 보호 접지,전기설비에 대한 누전 차단기 설치,충전부가 노출된 부분은 절연방호구 사용,1
산업안전기사,2016,1,화학설비위험방지기술,84,다음 중 산화반응에 해당하는 것을 모두 나타낸 것은?\n\n㉮ 철이 공기 중에서 녹이 슬었다.\n㉯ 솜이 공기 중에서 불에 탔다.,text_only,O,㉮,㉯,"㉮, ㉯",없음,3
산업안전기사,2016,1,건설안전기술,102,근로자의 추락 등의 위험을 방지하기 위한 안전난간의 설치기준으로 옳지 않은 것은?,text_only,O,상부 난간대와 중간 난간대는 난간 길이 전체에 걸쳐 바닥면등과 평행을 유지할 것,발끝막이판은 바닥면등으로부터 20cm 이하의 높이를 유지할 것,난간대는 지름 2.7cm 이상의 금속제 파이프나 그 이상의 강도가 있는 재료일 것,안전난간은 구조적으로 가장 취약한 지점에서 가장 취약한 방향으로 작용하는 100kg 이상의 하중에 견딜 수 있는 튼튼한 구조일 것,2
산업안전기사,2016,1,건설안전기술,112,점토질 지반의 침하 및 압밀 재해를 막기 위하여 실시하는 지반개량 탈수공법으로 적당하지 않은 것은?,text_only,O,샌드드레인 공법,생석회 공법,진동 공법,페이퍼드레인 공법,3
산업안전기사,2016,2,안전관리론,11,안전표시의 종류와 분류가 올바르게 연결된 것은?,text_only,O,금연 - 금지표지,낙하물 경고 - 지시표지,안전모 착용 - 안내표지,세안장치 - 경고표지,1
산업안전기사,2016,2,인간공학 및 시스템안전공학,25,인간공학의 궁극적인 목적과 가장 관계가 깊은 것은?,text_only,O,경제성 향상,인간 능력의 극대화,설비의 가동율 향상,안전성 및 효율성 향상,4
산업안전기사,2016,2,기계위험방지기술,51,회전중인 연삭숫돌이 근로자에게 위험을 미칠 우려가 있을 시 덮개를 설치하여야 할 연삭숫돌의 최소 지름은?,text_only,O,지름이 5cm 이상인 것,지름이 10cm 이상인 것,지름이 15cm 이상인 것,지름이 20cm 이상인 것,1
산업안전기사,2016,2,전기위험방지기술,72,"50kW, 60Hz 3상 유도전동기가 380 V 전원에 접속된 경우 흐르는 전류는 약 몇 A 인가? (단, 역률은 80%이다.)",text_only,O,82.24,94.96,116.3,164.47,2
산업안전기사,2016,3,안전관리론,16,무재해 운동을 추진하기 위한 조직의 3기둥으로 볼 수 없는 것은?,text_only,O,최고경영자의 경영자세,소집단 자주활동의 활성화,전 종업원의 안전요원화,라인관리자에 의한 안전보건의 추진,2
산업안전기사,2016,3,인간공학 및 시스템안전공학,31,인간이 낼 수 있는 최대의 힘을 최대근력이라고 하며 인간은 자기의 최대근력을 잠시 동안만 낼 수 있다. 이에 근거할 때 인간이 상당히 오래 유지할 수 있는 힘은 근력의 몇 % 이하인가?,text_only,O,15%,20%,25%,30%,1
산업안전기사,2016,3,기계위험방지기술,48,비파괴시험의 종류가 아닌 것은?,text_only,O,자분 탐상시험,침투 탐상시험,와류 탐상시험,샤르피 충격시험,4
산업안전기사,2016,3,전기위험방지기술,77,전기기계ㆍ기구의 기능 설명으로 옳은 것은?,text_only,O,CB는 부하전류를 개폐(ON-Off)시킬 수 있다.,ACB는 접촉스파크 소호를 진공상태로 한다.,DS는 회로의 개폐(ON-Off) 및 대용량 부하를 개폐시킨다.,LA는 피뢰침으로서 낙뢰 피해의 이상 전압을 낮추어 준다.,1
산업안전기사,2016,3,건설안전기술,111,"다음은 산업안전보건기준에 관한 규칙의 콘크리트 타설작업에 관한 사항이다. 빈칸에 들어갈 적절한 용어는?\n\n당일의 작업을 지시하기 전에 당해작업에 관한 거푸집 등바리 등의 ( A ), 변위 및 ( B ) 등을 점검하고 이상을 발견한 때에는 이를 보수할 것",text_only,O,"A : 변형, B : 지반의 침하유무","A : 변형, B : 개구부 방호설비","A : 균열, B : 깔판","A : 균열, B : 지주의 침하",1
산업안전기사,2017,1,안전관리론,14,산업재해의 분석 및 평가를 위하여 재해발생 건수 등의 추이에 대해 한계선을 설정하여 목표 관리를 수행하는 재해통계 분석기법은?,text_only,O,폴리건(polygon),관리도(control chart),파레토도(pareto diagram),특성 요인도(cause &effect diagram),2
산업안전기사,2017,1,인간공학 및 시스템안전공학,34,의자 설계에 대한 조건 중 틀린 것은?,text_only,O,좌판의 깊이는 작업자의 등이 등받이에 닿을수 있도록 설계한다.,좌판은 엉덩이가 앞으로 미끄러지지 않는 재질과 구조로 설계한다.,"좌판의 넓이는 작은 사람에게 적합하도록, 깊이는 큰 사람에게 적합하도록 설계한다.",등받이는 충분한 넓이를 가지고 요추 부위부터 어깨부위까지 편안하게 지지하도록 설계한다.,3
산업안전기사,2017,1,기계위험방지기술,43,양중기(승강기를 제외한다.)를 사용하여 작업하는 운전자 또는 작업자가 보기 쉬운 곳에 해당 양중기에 대해 표시하여야 할 내용이 아닌 것은?,text_only,O,정격 하중,운전 속도,경고 표시,최대 인양 높이,4
산업안전기사,2017,1,전기위험방지기술,71,"피뢰침의 제한전압이 800kV, 충격절연강도가 1000kV라 할 때, 보호여유도는 몇 % 인가?",text_only,O,25,33,47,63,1
산업안전기사,2017,1,건설안전기술,107,건설공사 시공단계에 있어서 안전관리의 문제점에 해당되는 것은?,text_only,O,"발주자의 조사, 설계 발주능력 미흡","용역자의 조사, 설계능력 부실",발주자의 감독 소홀,사용자의 시설 운영관리 능력 부족,3
산업안전기사,2017,2,안전관리론,19,산업안전보건법상 안전보건관리책임자 등에 대한 교육시간 기준으로 틀린 것은?(관련 규정 개정전 문제로 기존정답은 4번입니다. 여기서는 4번을 누르면 정답 처리 됩니다. 자세한 내용은 해설을 참고하세요.),text_only,O,"보건관리자, 보건관리전문기관의 종사자 보수교육 : 24시간 이상","안전관리자, 안전관리전문기관의 종사자 신규교육 : 34시간 이상",안전보건관리책임자의 보수교육 : 6시간 이상,재해예방 전문지도기관의 종사자 신규교육 : 24시간 이상,4
산업안전기사,2017,2,기계위험방지기술,47,산업용 로봇에서 근로자에게 발생할 수 있는 부상 등의 위험을 방지하기 위하여 방책을 세우고자 할 때 일반적으로 높이는 몇 m 이상으로 해야 하는가?,text_only,O,1.8 m,2.1 m,2.4 m,2.7 m,1
산업안전기사,2017,2,전기위험방지기술,80,저압 전기기기의 누전으로 인한 감전재해의 방지대책이 아닌 것은?,text_only,O,보호접지,안전전압의 사용,비접지식 전로의 채용,배선용차단기(MCCB)의 사용,4
산업안전기사,2017,2,화학설비위험방지기술,94,산업안전보건법령에 따라 정변위 압축기 등에 대해서 과압에 따른 폭발을 방지하기 위하여 설치하여야 하는 것은?,text_only,O,역화방지기,안전밸브,감지기,체크밸브,2
산업안전기사,2017,2,건설안전기술,103,타워크레인을 자립고(自立高) 이상의 높이로 설치할 때 지지벽체가 없어 와이어로프로 지지하는 경우의 준수사항으로 옳지 않은 것은?,text_only,O,와이어로프를 고정하기 위한 전용지지프레임을 사용할 것,"와이어로프 설치각도는 수평면에서 60° 이내로 하되, 지지점은 4개소 이상으로 하고, 같은 각도로 설치할 것","와이어로프와 그 고정부위는 충분한 강도와 장력을 갖도록 설치하되, 와이어로프를 클립·샤클(shackle) 등의 기구를 사용하여 고정하지 않도록 유의할 것",와이어로프가 가공전선(架空電線)에 근접하지 않도록 할 것,3
산업안전기사,2017,2,건설안전기술,114,가설통로의 구조에 관한 기준으로 옳지 않은 것은?,text_only,O,경사가 15°를 초과하는 경우에는 미끄러지지 아니하는 구조로 할 것,경사는 20° 이하로 할 것,추락의 위험이 있는 장소에는 안전난간을 설치할 것,수직갱에 가설된 통로의 길이가 15m 이상인 경우에는 10m 이내마다 계단참을 설치할 것,2
산업안전기사,2017,2,건설안전기술,118,차량계 하역운반기계등에 화물을 적재하는 경우에 준수해야 할 사항으로 옳지 않은 것은?,text_only,O,하중이 한쪽으로 치우치도록 하여 공간상 효율적으로 적재할 것,구내운반차 또는 화물자동차의 경우 화물의 붕괴 또는 낙하에 의한 위험을 방지하기 위하여 화물에 로프를 거는 등 필요한 조치를 할 것,운전자의 시야를 가리지 않도록 화물을 적재할 것,화물을 적재하는 경우 최대적재량을 초과하지 않을 것,1
산업안전기사,2017,2,건설안전기술,119,"다음 설명에 해당하는 안전대와 관련된 용어로 옳은 것은? (단, 보호구 안전인증 고시 기준)\n\n신체지지의 목적으로 전신에 착용하는 띠 모양의 것으로서 상체 등 신체 일부분만 지지하는 것을 제외한다.",text_only,O,안전그네,벨트,죔줄,버클,1
산업안전기사,2017,3,안전관리론,8,산업안전보건법령상 안전·보건표지의 종류 중 안내표지에 해당하지 않은 것은?,text_only,O,들것,비상용기구,출입구,세안장치,3
산업안전기사,2017,3,기계위험방지기술,60,기계설비에 대한 본질적인 안전화 방안의 하나인 풀 프루프(Fool Proof)에 관한 설명으로 거리가 먼 것은?,text_only,O,계기나 표시를 보기 쉽게 하거나 이른바 인체공학적 설계도 넓은 의미의 풀 프루프에 해당된다.,설비 및 기계장치 일부가 고장이 난 경우 기능의 저하는 가져오나 전체기능은 정지하지 않는다.,인간이 에러를 일으키기 어려운 구조나 기능을 가진다.,조작순서가 잘못되어도 올바르게 작동한다.,2
산업안전기사,2017,3,전기위험방지기술,62,고압 및 특고압의 전로에 시설하는 피뢰기에 접지공사를 할 때 접지저항의 최대값은 몇 Ω이하로 해야 하는가?,text_only,O,100,20,10,5,3
산업안전기사,2017,3,화학설비위험방지기술,89,다음 중 분진폭발에 관한 설명으로 틀린 것은?,text_only,O,"가스폭발에 비교하여 연소시간이 짧고, 발생에너지가 작다.","최초의 부분적인 폭발이 분진의 비산으로 2차, 3차 폭발로 파급되어 피해가 커진다.",가스에 비하여 불완전 연소를 일으키기 쉬우므로 연소 후 가스에 의한 중독 위험이 있다.,폭발시 입자가 비산하므로 이것에 부딪치는 가연물로 국부적으로 탄화를 일으킬 수 있다.,1
산업안전기사,2018,1,안전관리론,9,데이비스(Davis)의 동기부여이론 중 동기유발의 식으로 옳은 것은?,text_only,O,지식 × 기능,지식 × 태도,상황 × 기능,상황 × 태도,4
산업안전기사,2018,1,인간공학 및 시스템안전공학,26,"일반적으로 작업장에서 구성요소를 배치할 때, 공간의 배치 원칙에 속하지 않는 것은?",text_only,O,사용빈도의 원칙,중요도의 원칙,공정개선의 원칙,기능성의 원칙,3
산업안전기사,2018,1,건설안전기술,104,터널공사에서 발파작업 시 안전대책으로 옳지 않은 것은?,text_only,O,"발파전 도화선 연결상태, 저항치 조사 등의 목적으로 도통시험 실시 및 발파기의 작동상태에 대한 사전점검 실시",모든 동력선은 발원점으로부터 최소한 15m 이상 후방으로 옮길 것,"지질, 암의 절리 등에 따라 화약량에 대한 검토 및 시방기준과 대비하여 안전조치 실시",발파용 점화회선은 타동력선 및 조명회선과 한곳으로 통합하여 관리,4
산업안전기사,2018,2,인간공학 및 시스템안전공학,21,사업장에서 인간공학의 적용분야로 가장 거리가 먼 것은?,text_only,O,제품설계,설비의 고장률,재해∙질병 예방,장비∙공구∙설비의 배치,2
산업안전기사,2018,2,기계위험방지기술,43,다음 중 포터블 벨트 컨베이어(potable belt conveyor)의 안전 사항과 관련한 설명으로 옳지 않은 것은?,text_only,O,포터블 벨트 컨베이어의 차륜간의 거리는 전도 위험이 최소가 되도록 하여야 한다.,기복장치는 포터블 벨트 컨베이어의 옆면에서만 조작하도록 한다.,포터블 벨트 컨베이어를 사용하는 경우는 차륜을 고정하여야 한다.,전동식 포터블 벨트 컨베이어를 이동하는 경우는 먼저 전원을 내린 후 컨베이어를 이동시킨 다음 컨베이어를 최저의 위치로 내린다.,4
산업안전기사,2018,2,전기위험방지기술,76,금속제 외함을 가지는 기계기구에 전기를 공급하는 전로에 지락이 발생했을 때에 자동적으로 전로를 차단하는 누전차단기 등을 설치하여야 한다. 누전차단기를 설치해야 되는 경우로 옳은 것은?,text_only,O,"기계기구가 고무, 합성수지 기타 절연물로 피복된 것일 경우",기계기구가 유도전동기의 2차측 전로에 접속된 저항기일 경우,대지전압이 150V를 초과하는 전동기계∙기구를 시설하는 경우,전기용품안전관리법의 적용을 받는 2중절연구조의 기계기구를 시설하는 경우,3
산업안전기사,2018,2,화학설비위험방지기술,84,니트로셀룰로오스의 취급 및 저장방법에 관한 설명으로 틀린 것은?,text_only,O,저장 중 충격과 마찰 등을 방지하여야 한다.,"물과 격렬히 반응하여 폭발함으로 습기를 제거하고, 건조 상태를 유지한다.",자연발화 방지를 위하여 안전용제를 사용한다.,화재 시 질식소화는 적응성이 없으므로 냉각소화를 한다.,2
산업안전기사,2018,2,건설안전기술,107,추락의 위험이 있는 개구부에 대한 방호조치와 거리가 먼 것은?,text_only,O,"안전난간, 울타리, 수직형 추락방망 등으로 방호조치를 한다.",충분한 강도를 가진 구조의 덮개를 뒤집히거나 떨어지지 않도록 설치한다.,어두운 장소에서도 식별이 가능한 개구부 주의 표지를 부착한다.,폭 30cm 이상의 발판을 설치한다.,4
산업안전기사,2018,3,안전관리론,18,산업안전보건법령상 안전검사 대상 유해·위험 기계등에 해당하는 것은?,text_only,O,정격 하중이 2톤 미만인 크레인,이동식 국소 배기장치,밀폐형 구조 롤러기,산업용 원심기,4
산업안전기사,2018,3,기계위험방지기술,55,다음 중 기계설비에서 반대로 회전하는 두 개의 회전체가 맞닿는 사이에 발생하는 위험점을 무엇이라 하는가?,text_only,O,물림점(nip point),협착점(squeeze point),접선물림점(tangential point),회전말림점(trapping point),1
산업안전기사,2018,3,전기위험방지기술,77,다음 중 방폭구조의 종류가 아닌 것은?,text_only,O,본질안전 방폭구조,고압 방폭구조,압력 방폭구조,내압 방폭구조,2
산업안전기사,2018,3,화학설비위험방지기술,91,다음 중 분진이 발화 폭발하기 위한 조건으로 거리가 먼 것은?,text_only,O,불연성질,미분상태,점화원의 존재,지연성가스 중에서의 교반과 운동,1
산업안전기사,2018,3,화학설비위험방지기술,100,"다음의 설명에 해당하는 안전장치는?\n\n대량의 반응기, 탑, 탱크 등에서 이상상태가 발생할 때 밸브를 정지시켜 원료공급을 차단하기 위한 안전장치로, 공기압식, 유압식, 전기식 등이 있다.",text_only,O,파열판,안전밸브,스팀트랩,긴급차단장치,4
산업안전기사,2018,3,건설안전기술,104,화물취급 작업 시 준수사항으로 옳지 않은 것은?,text_only,O,꼬임이 끊어지거나 심하게 부식된 섬유로프는 화물운반용으로 사용해서는 아니 된다.,섬유로프 등을 사용하여 화물취급작업을 하는 경우에 해당 섬유로프 등을 점검하고 이상을 발견한 섬유로프 등을 즉시 교체하여야 한다.,차량 등에서 화물을 내리는 작업을 하는 경우에 해당 작업에 종사하는 근로자에게 쌓여 있는 화물의 중간에서 필요한 화물을 빼낼 수 있도록 허용한다.,하역작업을 하는 장소에서 작업장 및 통로의 위험한 부분에는 안전하게 작업할 수 있는 조명을 유지한다.,3
산업안전기사,2019,1,안전관리론,12,사고의 원인분석방법에 해당하지 않는 것은?,text_only,O,통계적 원인분석,종합적 원인분석,클로즈(close)분석,관리도,2
산업안전기사,2019,1,인간공학 및 시스템안전공학,40,인간-기계시스템의 연구 목적으로 가장 적절한 것은?,text_only,O,정보 저장의 극대화,운전시 피로의 평준화,시스템의 신뢰성 극대화,안전의 극대화 및 생산능률의 향상,4
산업안전기사,2019,1,기계위험방지기술,52,기능의 안전화 방안을 소극적 대책과 적극적 대책으로 구분할 때 다음 중 적극적 대책에 해당하는 것은?,text_only,O,기계의 이상을 확인하고 급정지시켰다.,원활한 작동을 위해 급유를 하였다.,회로를 개선하여 오동작을 방지하도록 하였다.,기계를 볼트 및 너트가 이완되지 않도록 다시 조립하였다.,3
산업안전기사,2019,1,전기위험방지기술,63,"인체의 전기저항 R을 1000Ω 이라고 할 때 위험 한계 에너지의 최저는 약 몇 J 인가? (단, 통전 시간은 1초이고, 심실세동전류 $I= \frac{165}{\sqrt{T}}$ mA 이다.)",text_only,O,17.23,27.23,37.23,47.23,2
산업안전기사,2019,1,화학설비위험방지기술,98,메탄이 공기 중에서 연소될 때의 이론혼합비(화학양론조성)는 약 몇 vol% 인가?,text_only,O,2.21,4.03,5.76,9.5,4
산업안전기사,2019,1,건설안전기술,114,강관비계 조립시의 준수사항으로 옳지 않은 것은?,text_only,O,비계기둥에는 미끄러지거나 침하하는 것을 방지하기 위하여 밑받침철물을 사용한다.,지상높이 4층 이하 또는 12m 이하인 건축물의 해체 및 조립등의 작업에서만 사용한다.,교차가새로 보강한다.,외줄비계·쌍줄비계 또는 돌출비계에 대해서는 벽이음 및 버팀을 설치한다.,2
산업안전기사,2019,2,인간공학 및 시스템안전공학,29,다음과 같은 실내 표면에서 일반적으로 추천반사율의 크기를 맞게 나열한 것은?\n\n㉠ 바닥 ㉡ 천장 ㉢ 가구 ㉣ 벽,text_only,O,㉠＜㉣＜㉢＜㉡,㉣＜㉠＜㉡＜㉢,㉠＜㉢＜㉣＜㉡,㉣＜㉡＜㉠＜㉢,3
산업안전기사,2019,2,기계위험방지기술,43,로울러가 맞물림점의 전방에 개구부의 간격을 30MM로 하여 가드를 설치하고자 한다. 가드의 설치 위치는 맞물림점에서 적어도 얼마의 간격을 유지하여야 하는가?,text_only,O,154mm,160mm,166mm,172mm,2
산업안전기사,2019,2,전기위험방지기술,67,정전작업 시 작업 전 조치하여야 할 실무사항으로 틀린 것은?,text_only,O,잔류전하의 방전,단락 접지기구의 철거,검전기에 의한 정전확인,개로개폐기의 잠금 또는 표시,2
산업안전기사,2019,2,화학설비위험방지기술,98,건조설비를 사용하여 작업을 하는 경우에 폭발이나 화재를 예방하기 위하여 준수하여야 하는 사항으로 틀린 것은?,text_only,O,위험물 건조설비를 사용하는 경우에는 미리 내부를 청소하거나 환기 할 것,위험물 건조설비를 사용하여 가열건조하는 건조물은 쉽게 이탈되도록 할 것,고온으로 가열건조한 인화성 액체는 발화의 위험이 없는 온도로 냉각한 후에 격납시킬 것,바깥 면이 현저히 고온이 되는 건조설비에 가까운 장소에는 인화성 액체를 두지 않도록 할 것,2
산업안전기사,2019,2,건설안전기술,112,"근로자에게 작업 중 또는 통행 시 전락(轉洛)으로 인하여 근로자가 화상·질식 등의 위험에 처할 우려가 있는 케틀(kettle), 호퍼(hopper), 피트(pit) 등이 있는 경우에 그 위험을 방지하기 위하여 최소 높이 얼마 이상의 울타리를 설치하여야 하는가?",text_only,O,80cm 이상,85cm 이상,90cm 이상,95cm 이상,3
산업안전기사,2019,3,안전관리론,17,산업안전보건법령상 관리감독자 대상 정기안전보건 교육의 교육내용으로 옳은 것은?,text_only,O,작업 개시 전 점검에 관한 사항,정리정돈 및 청소에 관한 사항,작업공정의 유해·위험과 재해 예방대책에 관한 사항,기계·기구의 위험성과 작업의 순서 및 동선에 관한 사항,3
산업안전기사,2019,3,인간공학 및 시스템안전공학,22,산업안전보건법령상 유해·위험방지계획서의 제출 시 첨부하는 서류에 포함되지 않는 것은?,text_only,O,설비 점검 및 유지계획,기계·설비의 배치도면,건축물 각 층의 평면도,"원재료 및 제품의 취급, 제조 등의 작업방법의 개요",1
산업안전기사,2019,3,기계위험방지기술,46,재료가 변형 시에 외부응력이나 내부의 변형과정에서 방출되는 낮은 응력파(stress wave)를 감지하여 측정하는 비파괴시험은?,text_only,O,와류탐상 시험,침투탐상 시험,음향탐상 시험,방사선투과 시험,3
산업안전기사,2019,3,화학설비위험방지기술,88,Burgess-Wheeler의 법칙에 따르면 서로 유사한 탄화수소계의 가스에서 폭발하한계의 농도(vol%)와 연소열(kcal/mol)의 곱의 값은 약 얼마 정도인가?,text_only,O,1100,2800,3200,3800,1
산업안전기사,2020,"1,2",인간공학 및 시스템안전공학,35,조종장치를 촉각적으로 식별하기 위하여 사용되는 촉각적 코드화의 방법으로 옳지 않은 것은?,text_only,O,색감을 활용한 코드화,크기를 이용한 코드화,조종장치의 형상 코드화,표면 촉감을 이용한 코드화,1
산업안전기사,2020,"1,2",기계위험방지기술,58,프레스 금형의 파손에 의한 위험방지 방법이 아닌 것은?,text_only,O,금형에 사용하는 스프링은 반드시 인장형으로 할 것,작업 중 진동 및 충격에 의해 볼트 및 너트의 헐거워짐이 없도록 할 것,금형의 하중 중심은 원칙적으로 프레스 기계의 하중 중심과 일치하도록 할 것,"캠, 기타 충격이 반복해서 가해지는 부분에는 완충장치를 설치할 것",1
산업안전기사,2020,"1,2",전기위험방지기술,78,전자파 중에서 광량자 에너지가 가장 큰 것은?,text_only,O,극저주파,마이크로파,가시광선,적외선,3
산업안전기사,2020,"1,2",화학설비위험방지기술,84,반응성 화학물질의 위험성은 실험에 의한 평가 대신 문헌조사 등을 통해 계산에 의해 평가하는 방법을 사용할 수 있다. 이에 관한 설명으로 옳지 않은 것은?,text_only,O,위험성이 너무 커서 물성을 측정할 수 없는 경우 계산에 의한 평가 방법을 사용할 수 도 있다.,"연소열, 분해열, 폭발열 등의 크기에 의해 그 물질의 폭발 또는 발화의 위험예측이 가능하다.",계산에 의한 평가를 하기 위해서는 폭발 또는 분해에 따른 생성물의 예측이 이루어져야 한다.,계산에 의한 위험성 예측은 모든 물질에 대해 정확성이 있으므로 더 이상의 실험을 필요로 하지 않는다.,4
산업안전기사,2020,3,안전관리론,14,"하인리히의 재해발생 이론이 다음과 같이 표현될 때, α가 의미하는 것으로 옳은 것은?\n\n재해의 발생 = 선비적 결함 + 관리적 결함 + α",text_only,O,노출된 위험의 상태,재해의 직접적인 원인,물적 불안전 상태,잠재된 위험의 상태,4
산업안전기사,2020,3,인간공학 및 시스템안전공학,29,NOISH lifting guideline에서 권장무게한계(RWL) 산출에 사용되는 계수가 아닌 것은?,text_only,O,휴식 계수,수평 계수,수직 계수,비대칭 계수,1
산업안전기사,2020,3,기계위험방지기술,47,다음 중 기계 설비의 안전조건에서 안전화의 종류로 가장 거리가 먼 것은?,text_only,O,재질의 안전화,작업의 안전화,기능의 안전화,외형의 안전화,1
산업안전기사,2020,3,화학설비위험방지기술,86,증기 배관 내에 생성하는 응축수를 제거할 때 증기가 배출되지 않도록 하면서 응축수를 자동적으로 배출하기 위한 장치를 무엇이라 하는가?,text_only,O,Vent stack,Steam trap,Blow down,Relief valve,2
산업안전기사,2020,4,안전관리론,13,"안전인증 절연장갑에 안전인증 표시 외에 추가로 표시하여야 하는 등급별 색상의 연결로 옳은 것은? (단, 고용노동부 고시를 기준으로 한다.)",text_only,O,00등급 : 갈색,0등급 : 흰색,1등급 : 노란색,2등급 : 빨강색,1
산업안전기사,2020,4,인간공학 및 시스템안전공학,32,"실린더 블록에 사용하는 가스켓의 수명 분포는 X~N(10000, 200$^2$)인 정규분포를 따른다. t=9600시간일 경우에 신뢰도(R(t))는? (단, P(Z≤1)=0.8413, P(Z≤1.5)=0.9332, P(Z≤2)=0.9772, P(Z≤3)=0.9987이다.)",text_only,O,84.13%,93.32%,97.72%,99.87%,3
산업안전기사,2020,4,전기위험방지기술,74,다음은 어떤 방전에 대한 설명인가?\n\n정전기가 대전되어 있는 부도체에 접지체가 접근할 경우 대전물체와 접지체 사이에 발생하는 방전과 거의 동시에 부도체의 표면을 따라서 발생하는 나뭇가지 형태의 발광을 수반하는 방전,text_only,O,코로나 방전,뇌상 방전,연면방전,불꽃 방전,3
산업안전기사,2020,4,화학설비위험방지기술,94,산업안전보건법령에서 인화성 액체를 정의할 때 기준이 되는 표준압력은 몇 kPa 인가?,text_only,O,1,100,101.3,273.15,3
산업안전기사,2020,4,화학설비위험방지기술,95,다음 중 C급 화재에 해당하는 것은?,text_only,O,금속화재,전기화재,일반화재,유류화재,2
산업안전기사,2021,1,인간공학 및 시스템안전공학,34,산업안전보건법령상 해당 사업주가 유해위험방지계획서를 작성하여 제출해야하는 대상은?,text_only,O,시·도지사,관할 구청장,고용노동부장관,행정안전부장관,3
산업안전기사,2021,1,기계위험방지기술,54,프레스의 손쳐내기식 방호장치 설치기준으로 틀린 것은?,text_only,O,방호판의 폭이 금형 폭의 1/2 이상이어야 한다.,슬라이드 행정수가 300SPM 이상의 것에 사용한다.,손쳐내기봉의 행정(Stroke) 길이를 금형의 높이에 따라 조정할 수 있고 진동폭은 금형폭 이상이어야 한다.,슬라이드 하행정거리의 3/4 위치에서 손을 완전히 밀어내야 한다.,2
산업안전기사,2021,2,안전관리론,15,"도수율이 24.5이고, 강도율이 1.15인 사업장에서 한 근로자가 입사하여 퇴직할 때까지의 근로손실일수는?",text_only,O,2.45일,115일,215일,245일,2
산업안전기사,2021,2,인간공학 및 시스템안전공학,33,정보를 전송하기 위해 청각적 표시장치보다 시각적 표시장치를 사용하는 것이 더 효과적인 경우는?,text_only,O,정보의 내용이 간단한 경우,정보가 후에 재참조되는 경우,정보가 즉각적인 행동을 요구하는 경우,정보의 내용이 시간적인 사건을 다루는 경우,2
산업안전기사,2021,2,기계위험방지기술,53,"산업안전보건법령상 크레인에서 정격하중에 대한 정의는? (단, 지브가 있는 크레인은 제외)",text_only,O,부하할 수 있는 최대하중,부하할 수 있는 최대하중에서 달기기구의 중량에 상당하는 하중을 뺀 하중,짐을 싣고 상승할 수 있는 최대하중,가장 위험한 상태에서 부하할 수 있는 최대하중,2
산업안전기사,2021,2,전기위험방지기술,65,누전차단기의 시설방법 중 옳지 않은 것은?,text_only,O,시설장소는 배전반 또는 분전반 내에 설치한다.,정격전류용량은 해당 전로의 부하전류 값 이상이어야 한다.,정격감도전류는 정상의 사용상태에서 불필요하게 동작하지 않도록 한다.,인체감전보호형은 0.05초 이내에 동작하는 고감도고속형이어야 한다.,4
산업안전기사,2021,2,건설안전기술,101,부두ㆍ안벽 등 하역작업을 하는 장소에서 부두 또는 안벽의 선을 따라 통로를 설치하는 경우에는 폭을 최소 얼마 이상으로 하여야 하는가?,text_only,O,85 cm,90 cm,100 cm,120 cm,2
산업안전기사,2021,3,안전관리론,4,근로자 1000명 이상의 대규모 사업장에 적합한 안전관리 조직의 유형은?,text_only,O,직계식 조직,참모식 조직,병렬식 조직,직계참모식 조직,4
산업안전기사,2021,3,인간공학 및 시스템안전공학,23,일반적인 시스템의 수명곡선(욕조곡선)에서 고장형태 중 증가형 고장률을 나타내는 기간으로 옳은 것은?,text_only,O,우발 고장기간,마모 고장기간,초기 고장기간,Burn-in 고장기간,2
산업안전기사,2021,3,기계위험방지기술,41,산업안전보건법령상 사업장내 근로자 작업환경 중 '강렬한 소음작업'에 해당하지 않는 것은?,text_only,O,85데시벨 이상의 소음이 1일 10시간 이상 발생하는 작업,90데시벨 이상의 소음이 1일 8시간 이상 발생하는 작업,95데시벨 이상의 소음이 1일 4시간 이상 발생하는 작업,100데시벨 이상의 소음이 1일 2시간 이상 발생하는 작업,1
산업안전기사,2021,3,전기위험방지기술,73,"3300/220V, 20kVA인 3상 변압기로부터 공급받고 있는 저압 전선로의 절연 부분의 전선과 대지 간의 절연저항의 최소값은 약 몇 Ω인가? (단, 변압기의 저압 측 중성점에 접지가 되어 있다.)",text_only,O,1240,2794,4840,8383,4
산업안전기사,2021,3,건설안전기술,108,산업안전보건법령에 따른 유해위험방지계획서 제출 대상 공사로 볼 수 없는 것은?,text_only,O,지상 높이가 31m 이상인 건축물의 건설공사,터널 건설공사,깊이 10m 이상인 굴착공사,다리의 전체길이가 40m 이상인 건설공사,4
산업안전기사,2021,3,건설안전기술,116,유한사면에서 원형활동면에 의해 발생하는 일반적인 사면 파괴의 종류에 해당하지 않는 것은?,text_only,O,사면내파괴(Slope failure),사면선단파괴(Toe failure),사면인장파괴(Tension failure),사면저부파괴(Base failure),3
산업안전기사,2022,1,안전관리론,5,안전·보건 교육계획 수립 시 고려사항 중 틀린 것은?,text_only,O,필요한 정보를 수집한다.,현장의 의견을 고려하지 않는다.,지도안은 교육대상을 고려하여 작성한다.,법령에 의한 교육에만 그치지 않아야 한다.,2
산업안전기사,2022,1,인간공학 및 시스템안전공학,38,부품고장이 발생하여도 기계가 추후 보수 될 때까지 안전한 기능을 유지할 수 있도록 하는 기능은?,text_only,O,fail - soft,fail - active,fail - operational,fail – passive,3
산업안전기사,2022,1,기계위험방지기술,49,"다음 중 금속 등의 도체에 교류를 통한 코일을 접근시켰을 때, 결함이 존재하면 코일에 유기되는 전압이나 전류가 변하는 것을 이용한 검사방법은?",text_only,O,자분탐상검사,초음파탐상검사,와류탐상검사,침투형광탐상검사,3
산업안전기사,2022,1,전기위험방지기술,79,다음 중 전기설비기술기준에 따른 전압의 구분으로 틀린 것은?,text_only,O,저압 : 직류 1kV 이하,"고압 : 교류 1kV를 초과, 7kV 이하",특고압 : 직류 7kV 초과,특고압 : 교류 7kV 초과,1
산업안전기사,2022,1,화학설비위험방지기술,86,열교환기의 열교환 능률을 향상시키기 위한 방법으로 거리가 먼 것은?,text_only,O,유체의 유속을 적절하게 조절한다.,유체의 흐르는 방향을 병류로 한다.,열교환기 입구와 출구의 온도차를 크게 한다.,열전도율이 좋은 재료를 사용한다.,2
산업안전기사,2022,1,건설안전기술,116,비계의 높이가 2m 이상인 작업장소에 작업발판을 설치할 경우 준수하여야 할 기준으로 옳지 않은 것은?,text_only,O,작업발판의 폭은 30cm 이상으로 한다.,발판재료간의 틈은 3cm 이하로 한다.,추락의 위험성이 있는 장소에는 안전난간을 설치한다.,발판재료는 뒤집히거나 떨어지지 않도록 2개 이상의 지지물에 연결하거나 고정시킨다.,1
산업안전기사,2022,2,인간공학 및 시스템안전공학,40,"1 sone에 관한 설명으로 ( ) 에 알맞은 수치는?\n\n1 sone : ( ㄱ )Hz, ( ㄴ )dB의 음압수준을 가진 순음의 크기",text_only,O,"ㄱ : 1000, ㄴ : 1","ㄱ : 4000, ㄴ : 1","ㄱ : 1000, ㄴ : 40","ㄱ : 4000, ㄴ : 40",3
산업안전기사,2022,2,기계위험방지기술,60,산업안전보건법령상 아세틸렌 용접장치의 아세틸렌 발생기실을 설치하는 경우 준수하여야 하는 사항으로 옳은 것은?,text_only,O,벽은 가연성 재료로 하고 철근 콘크리트 또는 그 밖에 이와 동등하거나 그 이상의 강도를 가진 구조로 할 것,바닥면적의 16분의 1 이상의 단면적을 가진 배기통을 옥상으로 돌출시키고 그 개구부를 창이나 출입구로부터 1.5미터 이상 떨어지도록 할 것,출입구의 문은 불연성 재료로 하고 두께 1.0 밀리미터 이하의 철판이나 그 밖에 그 이상의 강도를 가진 구조로 할 것,발생기실을 옥외에 설치한 경우에는 그 개구부를 다른 건축물로부터 1.0미터 이내 떨어지도록 할 것,2
산업안전기사,2022,2,전기위험방지기술,64,정전기 재해방지에 관한 설명 중 틀린 것은?,text_only,O,이황화탄소의 수송 과정에서 배관 내의 유속을 2.5m/s 이상으로 한다.,포장 과정에서 용기를 도전성 재료에 접지한다.,인쇄 과정에서 도포량을 소량으로 하고 접지한다.,작업장의 습도를 높여 전하가 제거되기 쉽게 한다.,1
산업안전기사,2022,2,건설안전기술,112,토사붕괴에 따른 재해를 방지하기 위한 흙막이 지보공 부재로 옳지 않은 것은?,text_only,O,흙막이판,말뚝,턴버클,띠장,3
산업안전기사,2004,3,기계위험방지기술,42,"그림과 같이 길이 10m인 양단 고정단 A, B에 집중하중이 작용할 때 B의 고정단에 생기는 굽힘모멘트는 약 얼마인가?",question_image,O,980kg·m,1140kg·m,1152kg·m,2880kg·m,2
산업안전기사,2005,1,인간공학 및 시스템안전공학,22,"다음 그림과 같은 상황에서 시각(visual angle)은 얼마 인가? (단, D:71cm, H:1cm 이다)",question_image,O,48.42도,48.42분,4.842분,4.842도,2
산업안전기사,2012,1,인간공학 및 시스템안전공학,22,각 부품의 신뢰도가 R 인 다음과 같은 시스템의 전체 신뢰도는?,question_image,O,R$^4$,2R - R$^2$,2R$^2$ - R$^3$,2R$^3$ - R$^4$,4
산업안전기사,2018,1,전기위험방지기술,73,다음 그림은 심장맥동주기를 나타낸 것이다. T파는 어떤 경우인가?,question_image,O,심방의 수축에 따른 파형,심실의 수축에 따른 파형,심실의 휴식 시 발생하는 파형,심방의 휴식 시 발생하는 파형,3
산업안전기사,2018,2,안전관리론,7,산업안전보건법령상 안전∙보건표지의 종류 중 다음 안전∙보건 표지의 명칭은?,question_image,O,화물적재금지,차량통행금지,물체이동금지,화물출입금지,3
산업안전기사,2018,3,인간공학 및 시스템안전공학,31,"다음 그림의 결함수에서 최소 패스셋(minimal path sets)과 그 신뢰도 R(t)는? (단, 각각의 부품 신뢰도는 0.9이다.)",question_image,O,"최소 패스셋 : {1},{2},{3, 4}\nR(t) = 0.9081","최소 패스셋 : {1},{2},{3, 4}\nR(t) = 0.9981","최소 패스셋 : {1, 2, 3},{1, 2, 4}\nR(t) = 0.9081","최소 패스셋 : {1, 2, 3},{1, 2, 4}\nR(t) = 0.9981",2
산업안전기사,2009,3,전기위험방지기술,76,다음 중 아크방전의 전압전류 특성으로 가장 알맞은 것은?,option_image,O,image_2009_3_76_1,image_2009_3_76_2,image_2009_3_76_3,image_2009_3_76_4,3